<mediawiki xmlns="http://www.mediawiki.org/xml/export-0.10/" xmlns:xsi="http://www.w3.org/2001/XMLSchema-instance" xsi:schemaLocation="http://www.mediawiki.org/xml/export-0.10/ http://www.mediawiki.org/xml/export-0.10.xsd" version="0.10" xml:lang="en">
  <siteinfo>
    <sitename>Wikipedia</sitename>
    <dbname>enwiki</dbname>
    <base>https://en.wikipedia.org/wiki/Main_Page</base>
    <generator>MediaWiki 1.37.0-wmf.15</generator>
    <case>first-letter</case>
    <namespaces>
      <namespace key="-2" case="first-letter">Media</namespace>
      <namespace key="-1" case="first-letter">Special</namespace>
      <namespace key="0" case="first-letter" />
      <namespace key="1" case="first-letter">Talk</namespace>
      <namespace key="2" case="first-letter">User</namespace>
      <namespace key="3" case="first-letter">User talk</namespace>
      <namespace key="4" case="first-letter">Wikipedia</namespace>
      <namespace key="5" case="first-letter">Wikipedia talk</namespace>
      <namespace key="6" case="first-letter">File</namespace>
      <namespace key="7" case="first-letter">File talk</namespace>
      <namespace key="8" case="first-letter">MediaWiki</namespace>
      <namespace key="9" case="first-letter">MediaWiki talk</namespace>
      <namespace key="10" case="first-letter">Template</namespace>
      <namespace key="11" case="first-letter">Template talk</namespace>
      <namespace key="12" case="first-letter">Help</namespace>
      <namespace key="13" case="first-letter">Help talk</namespace>
      <namespace key="14" case="first-letter">Category</namespace>
      <namespace key="15" case="first-letter">Category talk</namespace>
      <namespace key="100" case="first-letter">Portal</namespace>
      <namespace key="101" case="first-letter">Portal talk</namespace>
      <namespace key="118" case="first-letter">Draft</namespace>
      <namespace key="119" case="first-letter">Draft talk</namespace>
      <namespace key="710" case="first-letter">TimedText</namespace>
      <namespace key="711" case="first-letter">TimedText talk</namespace>
      <namespace key="828" case="first-letter">Module</namespace>
      <namespace key="829" case="first-letter">Module talk</namespace>
      <namespace key="2300" case="first-letter">Gadget</namespace>
      <namespace key="2301" case="first-letter">Gadget talk</namespace>
      <namespace key="2302" case="case-sensitive">Gadget definition</namespace>
      <namespace key="2303" case="case-sensitive">Gadget definition talk</namespace>
    </namespaces>
  </siteinfo>
  <page>
    <title>Abolitionism</title>
    <ns>0</ns>
    <id>38894</id>
    <revision>
      <id>1035275393</id>
      <parentid>1034575087</parentid>
      <timestamp>2021-07-24T18:14:35Z</timestamp>
      <contributor>
        <username>Ecangola</username>
        <id>31439127</id>
      </contributor>
      <comment>/* Civil War and final emancipation */</comment>
      <model>wikitext</model>
      <format>text/x-wiki</format>
      <text bytes="82362" xml:space="preserve">{{Short description|Movement to end slavery}}
{{other uses}}
{{redirect-multi|2|Anti-slavery|Emancipationist|the British NGO|Anti-Slavery International|pardoned convicts in colonial Australia|Emancipist}}
{{Use dmy dates|date=August 2020}}
{{More citations needed|date=July 2020}}{{Use British English|date=September 2016}}
[[File:Official medallion of the British Anti-Slavery Society (1795).jpg|thumb|upright=0.9|"''Am I Not a Man and a Brother?''", 1787 medallion designed by [[Josiah Wedgwood]] for the British anti-slavery campaign]]

{{slavery}}
{{Campaignbox Suppression of the Slave Trade}}
'''Abolitionism''', or the '''abolitionist movement''', was the movement to end [[slavery]]. In Western Europe and the Americas, abolitionism was a historic movement that sought to end the [[Atlantic slave trade]] and liberate the enslaved people.

The British abolitionist movement started in the late 18th century when English and American [[Quakers]] began to question the morality of slavery. [[James Oglethorpe]] was among the first to articulate the [[Age of Enlightenment|Enlightenment]] case against slavery, banning it in the [[Province of Georgia]] on humanitarian grounds, and arguing against it in Parliament, and eventually encouraging his friends [[Granville Sharp]] and [[Hannah More]] to vigorously pursue the cause.{{citation needed|date=June 2020}} Soon after Oglethorpe's death in 1785, Sharp and More united with [[William Wilberforce]] and others in forming the [[Clapham Sect]].&lt;ref&gt;Wilson, Thomas, ''The Oglethorpe Plan'', 201–06.&lt;/ref&gt;

The [[Somersett Case]] in 1772, in which a fugitive slave was freed with the judgement that slavery did not exist under [[English common law]], helped launch the British movement to abolish slavery.{{citation needed|date=June 2020}} Though anti-slavery sentiments were widespread by the late 18th century, many colonies and emerging nations continued to use [[slave labour]]: [[Dutch Empire|Dutch]], [[French colonial empire|French]], [[British Empire|British]], [[Spanish Empire|Spanish]] and [[Kingdom of Portugal|Portuguese]] territories in the West Indies, South America, and the Southern United States. After the [[American Revolution]] established the United States, northern states, [[An Act for the Gradual Abolition of Slavery|beginning with Pennsylvania]] in 1780, passed legislation during the next two decades abolishing slavery, sometimes by [[Gradual emancipation (United States)|gradual emancipation]]. Massachusetts [[Massachusetts Constitution|ratified a constitution]] that declared all men equal; [[freedom suits]] challenging slavery based on this principle brought an end to slavery in the state.{{citation needed|date=June 2020}} Vermont, which existed as an unrecognized state from 1777 to 1791, [[slavery in Vermont|abolished adult slavery in 1777]]. In other states, such as Virginia, similar declarations of rights were interpreted by the courts as not applicable to Africans and African Americans. During the following decades, the abolitionist movement grew in northern states, and Congress regulated the expansion of slavery in new states admitted to the union.

In 1787 the [[Society for Effecting the Abolition of the Slave Trade]] was formed in London. [[French Revolution|Revolutionary France]] abolished slavery throughout its empire in 1794, although it was [[Law of 20 May 1802|restored in 1802]] by [[Napoleon]] as part of a programme to ensure sovereignty over its colonies. Haiti (then Saint-Domingue) formally [[History of Haiti|declared independence from France]] in 1804 and became the first sovereign nation in the [[Western Hemisphere]] to unconditionally abolish slavery in the [[Human history#Modern history|modern era]].&lt;ref name="The Washington Post"&gt;{{cite web |url=https://www.washingtonpost.com/outlook/2020/07/12/haiti-was-first-nation-permanently-ban-slavery/ |title=Haiti was the first nation to permanently ban slavery |publisher=Gaffield, Julia|access-date=15 July 2020}}&lt;/ref&gt; The northern states in the U.S. all abolished slavery by 1804. The United Kingdom (then including Ireland) and the United States outlawed the [[Atlantic slave trade|international slave trade]] in 1807, after which Britain led efforts to [[Blockade of Africa|block slave ships]]. Britain abolished slavery throughout its empire by the [[Slavery Abolition Act 1833]] (with the notable [[Slavery in India#Under early European colonial powers|exception of India]]), the [[French colonial empire|French colonies]] re-abolished it in 1848 and the U.S. abolished slavery in 1865 with the [[Thirteenth Amendment to the United States Constitution|13th Amendment to the U.S. Constitution]]. In 1888 [[Empire of Brazil|Brazil]] became the last country in the Americas to [[Golden Law|abolish slavery]].

In Eastern Europe, groups organized to abolish the enslavement of the [[Romani people|Roma]] in [[Wallachia]] and [[Moldavia]], and [[Emancipation reform of 1861|to emancipate the serfs in Russia]]. Slavery was declared illegal in 1948 under the [[Universal Declaration of Human Rights]]. [[Mauritania]] was the last country to abolish slavery, with a presidential decree in 1981.&lt;ref&gt;"[http://edition.cnn.com/interactive/2012/03/world/mauritania.slaverys.last.stronghold/index.html Slavery's last stronghold]", CNN. March 2012.&lt;/ref&gt; [[Contemporary slavery|Today, child and adult slavery]] and [[Unfree labour|forced labour]] are illegal in almost all countries, as well as being against [[international law]], but [[human trafficking]] for labour and for [[Sexual slavery|sexual bondage]] continues to affect tens of millions of adults and children.

==France==
In 1315, [[Louis X of France|Louis X]], king of France, published a decree proclaiming that "France signifies freedom" and that any slave setting foot on the French ground should be freed. This prompted subsequent governments to circumscribe slavery in the [[French colonial Empire|overseas colonies]].&lt;ref&gt;Christopher L. Miller, [https://books.google.com/books?id=480BBURkreYC&amp;pg=PA122 ''The French Atlantic Triangle: literature and culture of the slave trade]'', Duke University Press, p. 20.&lt;/ref&gt;

Some cases of African slaves freed by setting foot on the French soil were recorded such as this example of a [[Normandy|Norman]] slave merchant who tried to sell slaves in [[Bordeaux]] in 1571. He was arrested and his slaves were freed according to a declaration of the [[Parlement]] of [[Guyenne]] which stated that slavery was intolerable in France, although it is a misconception that there were 'no slaves in France'; thousands of African slaves were present in France during the eighteenth century.&lt;ref&gt;Malick W. Ghachem, [https://books.google.com/books?id=btNeAEelkNMC&amp;pg=PA54 ''The Old Regime and the Haitian Revolution''], Cambridge University Press, p. 54.&lt;/ref&gt;&lt;ref&gt;{{cite journal|last=Chatman|first=Samuel L.|doi=10.2307/2649071|title='There Are No Slaves in France': A Re-Examination of Slave Laws in Eighteenth Century France|journal=The Journal of Negro History|volume=85|number=3|year=2000|pages=144–153|jstor=2649071}}&lt;/ref&gt; Born into slavery in [[Saint Domingue]], [[Thomas-Alexandre Dumas]] became free when his father brought him to France in 1776.

===''Code Noir'' and Age of Enlightenment===
[[File:Portrait of Chevalier de Saint-George.jpg|thumb|upright|The [[Chevalier de Saint-Georges]], known as the "Black Mozart", was, by his social position, and by his political involvement, a figurehead of free blacks.]]
As in other [[New World]] colonies, the French relied on the [[Atlantic slave trade]] for labour for their [[sugar cane]] [[plantations]] in their Caribbean colonies; the [[French West Indies]]. In addition, French colonists in ''[[Louisiane]]'' in North America held slaves, particularly in the South around [[New Orleans]], where they established sugarcane plantations.

[[Louis XIV]]'s ''[[Code Noir]]'' regulated the slave trade and institution in the colonies. It gave unparalleled rights to slaves. It included the right to marry, gather publicly, or take Sundays off. Although the ''Code Noir'' authorized and codified cruel corporal punishment against slaves under certain conditions, it forbade slave owners to torture them or to separate families. It also demanded enslaved Africans receive instruction in the Catholic faith, implying that Africans were human beings endowed with a soul, a fact French law did not admit until then. It resulted in a far higher percentage of blacks being free in 1830 (13.2% in [[History of slavery in Louisiana|Louisiana]] compared to 0.8% in [[History of Mississippi#Slavery|Mississippi]]).&lt;ref&gt;Rodney Stark, [https://archive.org/details/forgloryofgodhow0000star/page/322 ''For the Glory of God: How Monotheism Led to Reformations, Science, Witch-hunts, and the End of Slavery''], Princeton University Press, 2003, 0p. 322. Note that there was typo in the original hardcover stating "31.2 percent"; this was corrected to 13.2% in the paperback edition and can be verified using 1830 census data.&lt;/ref&gt; They were on average exceptionally literate, with a significant number of them owning businesses, properties, and even slaves.&lt;ref&gt;{{cite book|url=https://books.google.com/books?id=4rYMEUqEToUC&amp;pg=PT1117|title=The Rough Guide to the USA|author= Samantha Cook, Sarah Hull|publisher=Rough Guides UK|date= 2011|isbn=978-1-4053-8952-5}}&lt;/ref&gt;&lt;ref name="books.google.fr"&gt;{{cite book|url=https://books.google.com/books?id=rn4p-eFL6oMC&amp;pg=PA115|author=Terry L. Jones |title=The Louisiana Journey|publisher=Gibbs Smith|date=2007|isbn=978-1-4236-2380-9 }}&lt;/ref&gt; Other free people of colour, such as [[Julien Raimond]], spoke out against slavery.

The ''Code Noir'' also forbade interracial marriages, but it was often ignored in French colonial society and the [[mulatto]]es became an intermediate caste between whites and blacks, while in the British colonies mulattoes and blacks were considered equal and discriminated against equally.&lt;ref name="books.google.fr"/&gt;&lt;ref&gt;{{cite book|author1=Martin H. Steinberg|author2=Bernard G. Forget|author3=Douglas R. Higgs|author4=Ronald L. Nagel|title=Disorders of Hemoglobin: Genetics, Pathophysiology, and Clinical Management|url=https://books.google.com/books?id=PM0zzm7wbvsC&amp;pg=PA725|year=2001|publisher=Cambridge University Press|isbn=978-0-521-63266-9|pages=725–26}}&lt;/ref&gt;

During the [[Age of Enlightenment]], many philosophers wrote pamphlets against slavery and its moral and economical justifications, including [[Montesquieu]] in ''[[The Spirit of the Laws]]'' (1748) and [[Denis Diderot]] in the ''[[Encyclopédie]]''.&lt;ref name="lorenzo et al"/&gt; In 1788, [[Jacques Pierre Brissot]] founded the [[Society of the Friends of the Blacks]] (''Société des Amis des Noirs'') to work for the abolition of slavery. After the Revolution, on 4 April 1792, France granted [[free people of colour]] full citizenship.

The slave revolt, in the largest Caribbean French colony of [[Saint-Domingue]] in 1791, was the beginning of what became the [[Haitian Revolution]] led by formerly enslaved people like [[Georges Biassou]], [[Toussaint L'Ouverture]], and [[Jean-Jacques Dessalines]]. The rebellion swept through the north of the colony, and with it came freedom to thousands of enslaved blacks, but also violence and death.&lt;ref&gt;{{Cite book |title=Avengers of the New World: The Story of the Haitian Revolution |last=Dubois |first=Laurent |publisher=Harvard University Press |year=2004 |isbn=978-0-674-03436-5 |pages=91–114|oclc = 663393691}}&lt;/ref&gt; In 1793, French Civil Commissioners in St. Domingue and abolitionists, [[Léger-Félicité Sonthonax]] and [[Étienne Polverel]], issued the first emancipation proclamation of the modern world (Decree of 16 Pluviôse An II). The Convention sent them to safeguard the allegiance of the population to revolutionary France. The proclamation resulted in crucial military strategy as it gradually brought most of the black troops into the French fold and kept the colony under the French flag for most of the conflict.&lt;ref&gt;{{Cite book |url=https://books.google.com/books?id=U8IHym0hoQwC |title=You Are All Free: The Haitian Revolution and the Abolition of Slavery |last=Popkin |first=Jeremy D.  |publisher=Cambridge University Press |year=2010 |isbn=978-0-521-51722-5 |pages=246–375}}&lt;/ref&gt; The connection with France lasted until blacks and free people of colour formed L'armée indigène in 1802 to resist [[Napoleon]]'s [[Saint-Domingue expedition|Expédition de Saint-Domingue]]. Victory over the French in the decisive [[Battle of Vertières]] finally led to independence and the creation of present [[Haiti]] in 1804.&lt;ref&gt;{{Cite book |url=https://books.google.com/books?id=K65aBAAAQBAJ |title=The Haitian Revolution: A Documentary History |last=Geggus  |first=David |publisher=Hackett Publishing |year=2014 |isbn=978-1-62466-177-8}}&lt;/ref&gt;

===First general abolition of slavery (1794)===
{{More citations needed|section|date=July 2019}}
[[File:Jacques Pierre Brissot (1754-1793).jpg|thumb|upright|[[Jacques Pierre Brissot]] (1754–1793), who organized the [[Society of the Friends of the Blacks]] in 1788.]]

The convention, the first elected Assembly of the [[French First Republic|First Republic]] (1792–1804), on 4 February 1794, under the leadership of [[Maximilien Robespierre]], [[Law of 4 February 1794|abolished slavery in law]] in France and its colonies. [[Henri Grégoire|Abbé Grégoire]] and the Society of the Friends of the Blacks were part of the abolitionist movement, which had laid important groundwork in building anti-slavery sentiment in the [[metropole]]. The first article of the law stated that "Slavery was abolished" in the French colonies, while the second article stated that "slave-owners would be indemnified" with financial compensation for the value of their slaves.  The French constitution passed in 1795 included in the declaration of the Rights of Man that slavery was abolished.

===Re-establishment of slavery in the colonies (1802)===
During the [[French Revolutionary Wars]], French slave-owners massively joined the [[counter-revolution]] and, through the [[Whitehall Accord (1794)|Whitehall Accord]], they threatened to move the French Caribbean colonies under British control, as Great Britain still allowed slavery. Fearing secession from these islands, successfully lobbied by planters and concerned about revenues from the West Indies, and influenced by the slaveholder family of [[Joséphine de Beauharnais|his wife]], [[Napoleon Bonaparte]] decided to re-establish slavery after becoming [[First Consul]]. He promulgated the [[law of 20 May 1802]] and sent military governors and troops to the colonies to impose it. On 10 May 1802, [[Louis Delgrès|Colonel Delgrès]] launched a rebellion in [[Guadeloupe]] against Napoleon's representative, [[Antoine Richepanse|General Richepanse]]. The rebellion was repressed, and slavery was re-established. The news of this event sparked another wave of rebellion in Saint-Domingue. Although from 1802, Napoleon sent more than 20,000 troops to the island, two-thirds died mostly due to yellow fever. He withdrew the remaining 7,000 troops and slaves achieved an independent republic they called [[Haïti]] in 1804. Seeing the failure of the [[Saint-Domingue expedition]], in 1803 Napoleon decided to [[Louisiana Purchase|sell]] the [[Louisiana Territory]] to the United States. The French governments initially refused to recognize Haiti. It forced the nation to pay a substantial amount of reparations (which it could ill afford) for losses during the revolution and did not recognize its government until 1825.

France was a signatory to the first [[multilateral treaty]] for the suppression of the slave trade, the [[Treaty for the Suppression of the African Slave Trade]] (1841), but the king, [[Louis Philippe I]], declined to ratify it.

===Second abolition (1848) and subsequent events===
[[File:Biard Abolition de l'esclavage 1849.jpg|thumb|left|''[[Proclamation of the Abolition of Slavery in the French Colonies, 27 April 1848]]'', by [[Auguste François Biard|Biard]] (1849)]]

On 27 April 1848, under the [[French Second Republic|Second Republic]] (1848–1852), the [[decree-law]] written by [[Victor Schœlcher]] abolished slavery in the remaining colonies. The state bought the slaves from the ''colons'' (white colonists; ''[[Béké]]s'' in [[Creole language|Creole]]), and then freed them.

At about the same time, France started colonizing Africa and gained possession of much of West Africa by 1900. In 1905, the French abolished slavery in most of [[French West Africa]]. The French also attempted to abolish Tuareg slavery following the [[Kaocen Revolt]]. In the region of the Sahel, slavery has however long persisted.

Passed on 10 May 2001, the Taubira law officially acknowledges slavery and the Atlantic slave trade as a [[crime against humanity]]. 10 May was chosen as the day dedicated to recognition of the crime of slavery.

==Great Britain==
{{Main|Abolitionism in the United Kingdom|Slavery in the British Isles}}
[[File:William Murray of Mansfield.jpg|thumb|upright|[[William Murray, 1st Earl of Mansfield|Lord Mansfield]] (1705–1793), whose opinion in [[Somerset's Case]] (1772) was widely taken to have held that there was no basis in law for slavery in England.]]

The last known form of enforced servitude of adults ([[villein]]age) had disappeared in England by the beginning of the 17th century. In 1569 a court considered the case of Cartwright, who had bought a slave from Russia. The court ruled English law could not recognize slavery, as it was never established officially. This ruling was overshadowed by later developments; It was upheld in 1700 by the Lord Chief Justice [[John Holt (Lord Chief Justice)|John Holt]] when he ruled that a slave became free as soon as he arrived in England.&lt;ref&gt;V.C.D. Mtubani, [http://archive.lib.msu.edu/DMC/African%20Journals/pdfs/PULA/pula003002/pula003002007.pdf "African Slaves and English Law"], ''PULA Botswana Journal of African Studies'', Vol. 3, No. 2, November 1983. Retrieved 24 February 2011.&lt;/ref&gt; During the [[English Civil Wars]] of the mid-seventeenth century, sectarian radicals challenged slavery and other threats to personal freedom. Their ideas influenced many antislavery thinkers in the eighteenth century.&lt;ref name="lorenzo et al"&gt;{{Citation| last1  = Di Lorenzo| first1 = A| last2  = Donoghue| first2 = J| display-authors = et al| title   = Abolition and Republicanism over the Transatlantic Long Term, 1640–1800|url=https://journals.openedition.org/lrf/1690 | journal = La Révolution Française| issue = 11| year = 2016| doi = 10.4000/lrf.1690| doi-access = free}}&lt;/ref&gt;

In addition to English colonists importing slaves to the North American colonies, by the 18th century, traders began to import slaves from Africa, India and East Asia (where they were trading) to [[London]] and [[Edinburgh]] to work as personal servants. Men who migrated to the North American colonies often took their East Indian slaves or servants with them, as [[East Indians]] have been documented in colonial records.&lt;ref&gt;Paul Heinegg, [http://www.freeafricanamericans.com ''Free African Americans of Virginia, North Carolina, South Carolina, Maryland and Delaware'', 1999–2005], "Weaver Family: Three members of the Weaver family, probably brothers, were called 'East Indians' in Lancaster County, [VA] [court records] between 1707 and 1711." "'The indenture of Indians (Native Americans) as servants was not common in Maryland&amp;nbsp;... the indenture of East Indian servants was more common." Retrieved 15 February 2008.&lt;/ref&gt;&lt;ref&gt;Francis C. Assisi, [http://www.indolink.com/Analysis/a121403-021037.php "First Indian-American Identified: Mary Fisher, Born 1680 in Maryland"] {{Webarchive|url=https://web.archive.org/web/20110515191635/http://www.indolink.com/Analysis/a121403-021037.php |date=15 May 2011 }}, IndoLink, Quote: "Documents available from American archival sources of the colonial period now confirm the presence of indentured servants or slaves who were brought from the Indian subcontinent, via England, to work for their European American masters." Retrieved 20 April 2010.&lt;/ref&gt;

Some of the first [[freedom suits]], court cases in the British Isles to challenge the legality of slavery, took place in Scotland in 1755 and 1769. The cases were ''Montgomery v. Sheddan'' (1755) and ''Spens v. Dalrymple'' (1769). Each of the slaves had been baptized in Scotland and challenged the legality of slavery. They set the precedent of legal procedure in British courts that would later lead to successful outcomes for the plaintiffs. In these cases, deaths of the plaintiff and defendant, respectively, brought an end before court decisions.&lt;ref name="The National Archives of Scotland"&gt;{{cite web |url=http://www.nas.gov.uk/about/071022.asp |title=Slavery, freedom or perpetual servitude? – the Joseph Knight case |publisher=[[National Archives of Scotland]]|access-date=27 November 2010}}&lt;/ref&gt;

African slaves were not bought or sold in London but were brought by masters from other areas. Together with people from other nations, especially non-Christian, Africans were considered foreigners, not able to be English subjects. At the time, England had no [[naturalization]] procedure. The African slaves' legal status was unclear until 1772 and [[Somersett's Case]], when the fugitive slave James Somersett forced a decision by the courts. Somersett had escaped, and his master, Charles Steuart, had him captured and imprisoned on board a ship, intending to ship him to [[Jamaica]] to be resold into slavery. While in London, Somersett had been [[baptism|baptized]]; three godparents issued a writ of ''[[habeas corpus]]''. As a result, [[William Murray, 1st Earl of Mansfield|Lord Mansfield]], Chief Justice of the [[King's Bench|Court of the King's Bench]], had to judge whether Somersett's abduction was lawful or not under English [[Common Law]]. No legislation had ever been passed to establish slavery in England. The case received national attention, and five advocates supported the action on behalf of Somersett.

In his judgement of 22 June 1772, Mansfield declared:

&lt;blockquote&gt;The state of slavery is of such a nature that it is incapable of being introduced on any reasons, moral or political, but only by positive law, which preserves its force long after the reasons, occasions, and time itself from whence it was created, is erased from memory. It is so odious, that nothing can be suffered to support it, but positive law. Whatever inconveniences, therefore, may follow from a decision, I cannot say this case is allowed or approved by the law of England; and therefore the black must be discharged.&lt;ref&gt;Frederick Charles Moncrieff, ''The Wit and Wisdom of the Bench and Bar'', The Lawbook Exchange, 2006, pp. 85–86.&lt;/ref&gt;&lt;/blockquote&gt;

[[File:Olaudah Equiano, frontpiece from The Interesting Narrative of the Life of Olaudah Equiano.png|thumb|left|upright=0.8|[[Olaudah Equiano]] was a member of an abolitionist group of prominent free Africans living in Britain, and he was active among leaders of the anti-slave trade movement in the 1780s.]]
Although the [[Slavery at common law|exact legal implications]] of the judgement are unclear when analysed by lawyers, the judgement was generally taken at the time to have determined that slavery did not exist under English common law and was thus prohibited in England.&lt;ref&gt;Mowat, Robert Balmain, ''History of the English-Speaking Peoples'', Oxford University Press, 1943, p. 162.&lt;/ref&gt; The decision did not apply to the British overseas territories; by then, for example, the American colonies had established slavery by positive laws.&lt;ref&gt;MacEwen, Martin, ''Housing, Race and Law: The British Experience'', Routledge, 2002, p. 39.&lt;/ref&gt; Somersett's case became a significant part of the common law of slavery in the English-speaking world and it helped launch the movement to abolish slavery.&lt;ref&gt;Peter P. Hinks, John R. McKivigan, R. Owen Williams, ''Encyclopedia of Antislavery and Abolition'', Greenwood Publishing Group, 2007, p. 643.&lt;/ref&gt;

After reading about Somersett's Case, [[Joseph Knight (slave)|Joseph Knight]], an enslaved African who had been purchased by his master John Wedderburn in Jamaica and brought to Scotland, left him. Married and with a child, he filed a [[freedom suit]], on the grounds that he could not be held as a slave in [[Kingdom of Great Britain|Great Britain]]. In the case of ''[[Knight v. Wedderburn]]'' (1778), Wedderburn said that Knight owed him "perpetual servitude". The [[Court of Session]] of Scotland ruled against him, saying that [[chattel slavery]] was not recognized under the [[law of Scotland]], and slaves could seek court protection to leave a master or avoid being forcibly removed from Scotland to be returned to slavery in the colonies.&lt;ref name="The National Archives of Scotland"/&gt;

[[File:The Anti-Slavery Society Convention, 1840 by Benjamin Robert Haydon.jpg|thumb|250px|The painting of the 1840 [[Anti-Slavery Convention]] at Exeter Hall.&lt;ref&gt;[http://www.npg.org.uk/collections/search/portrait.php?search=ap&amp;npgno=599&amp;eDate=&amp;lDate=The Anti-Slavery Society Convention, 1840], [[Benjamin Robert Haydon]], 1841, London, Given by [[Anti-Slavery International|British and Foreign Anti-Slavery Society]] in 1880&lt;/ref&gt;]]
But at the same time, legally mandated, [[hereditary]] slavery of Scots persons in Scotland had existed from 1606&lt;ref&gt;{{Cite book
| editor-last=Brown
| editor-first=K.M.
| location=St. Andrews
| date=2007
| publisher=[[University of St. Andrews]]
| contribution=Regarding colliers and salters (ref: 1605/6/39)
| contribution-url=http://www.rps.ac.uk/search.php?action=fc&amp;fn=jamesvi_trans&amp;id=id7107
| title=The Records of the Parliaments of Scotland to 1707
| display-editors=etal
| access-date=6 August 2009
| archive-date=11 May 2011
| archive-url=https://web.archive.org/web/20110511230622/http://www.rps.ac.uk/search.php?action=fc&amp;fn=jamesvi_trans&amp;id=id7107
| url-status=dead
}}&lt;/ref&gt; and continued until 1799, when [[coal mining|colliers]] and [[Drysalter|salters]] were [[emancipation|emancipated]] by an act of the [[Parliament of Great Britain]] (39 Geo.III. c. 56). Skilled workers, they were restricted to a place and could be sold with the works. A prior law enacted in 1775 (15 Geo. III. c. 28) was intended to end what the act referred to as "a state of slavery and bondage,"&lt;ref&gt;{{Cite book
|last=May
|first=Thomas Erskine
|author-link=Erskine May, 1st Baron Farnborough
|year=1895
|contribution=Last Relics of Slavery
|contribution-url=https://books.google.com/books?id=sCwYAAAAYAAJ&amp;pg=PA274
|title=The Constitutional History of England (1760–1860)
|volume=II
|publisher=A.C. Armstrong and Son
|publication-date=1895
|location=New York
|pages=274–75
}}&lt;/ref&gt; but that was ineffective, necessitating the 1799 act.

In the 1776 book ''[[The Wealth of Nations]]'', [[Adam Smith]] argued for the abolition of slavery on economic grounds. Smith pointed out that slavery incurred security, housing, and food costs that the use of free labour would not, and opined that free workers would be more productive because they would have personal economic incentives to work harder. The death rate (and thus repurchase cost) of slaves was also high, and people are less productive when not allowed to choose the type of work they prefer, are illiterate, and are forced to live and work in miserable and unhealthy conditions. The free labour markets and international free trade that Smith preferred would also result in different prices and allocations that Smith believed would be more efficient and productive for consumers.

===British Empire===
[[File:Abolition of Slavery The Glorious 1st of August 1838.jpg|thumb|A poster advertising a special chapel service to celebrate the Abolition of Slavery in 1838]]
Prior to the [[American Revolution]], there were few significant initiatives in the American colonies that led to the abolitionist movement. Some Quakers were active. [[Benjamin Kent]] was the lawyer who took on most of the cases of slaves suing their masters for personal illegal enslavement. He was the first lawyer to successfully establish a slave's freedom.&lt;ref&gt;{{cite book |last1=Blanck |first1=Emily |title=Forging an American Law of Slavery in Revolutionary South Carolina and Massachusetts |date=2014 |publisher=University of Georgia Press |isbn=9780820338644 |page=35 |url=https://books.google.com/books?id=8e-wBAAAQBAJ}}&lt;/ref&gt; In addition, Brigadier General [[Samuel Birch (military officer)|Samuel Birch]] created the [[Book of Negroes]], to establish which slaves were free after the war.

In 1783, an anti-slavery movement began among the British public to end slavery throughout the British Empire.

[[File:Wilberforce john rising.jpg|thumb|left|upright|[[William Wilberforce]] (1759–1833), politician and philanthropist who was a leader of the movement to abolish the slave trade.]]
After the formation of the [[Committee for the Abolition of the Slave Trade]] in 1787, [[William Wilberforce]] led the cause of abolition through the parliamentary campaign. [[Thomas Clarkson]] became the group's most prominent researcher, gathering vast amounts of data on the trade. One aspect of abolitionism during this period was the effective use of images such as the famous [[Josiah Wedgwood]] "[[Josiah Wedgwood#Abolitionism|Am I Not A Man and a Brother?]]" anti-slavery medallion of 1787.  Clarkson described the medallion as "promoting the cause of justice, humanity and freedom".&lt;ref&gt;{{cite web
 |title=Wedgwood
 |url=http://www.spartacus.schoolnet.co.uk/REwedgwood.htm
 |access-date=12 August 2015
 |quote=Thomas Clarkson wrote of the medallion; promoting the cause of justice, humanity and freedom.
 |url-status=dead
 |archive-url=https://web.archive.org/web/20090708094050/http://www.spartacus.schoolnet.co.uk/REwedgwood.htm
 |archive-date=8 July 2009
}}&lt;/ref&gt;&lt;ref&gt;Elizabeth Mcgrath and Jean Michel Massing (eds), ''The Slave in European Art: From Renaissance Trophy to Abolitionist Emblem'', London, 2012.&lt;/ref&gt; The 1792 Slave Trade Bill passed the House of Commons mangled and mutilated by the modifications and amendments of [[William Pitt the Younger|Pitt]], it lay for years, in the House of Lords.&lt;ref&gt;{{cite web|url=https://books.google.com/books?id=4wcxAQAAMAAJ|title=Parliamentary History|year=1817|page=1293|publisher=Corbett}}&lt;/ref&gt;&lt;ref&gt;{{cite web|url=https://books.google.com/books?id=NxtDAAAAcAAJ|title=Journal of the House of Lords|year=1790|page=391 to 738|publisher=H.M. Stationery Office 1790}}&lt;/ref&gt; Biographer [[William Hague]] considers the unfinished abolition of the slave trade to be Pitt's greatest failure.&lt;ref&gt;{{Harvnb|Hague|2005|loc=p.589}}&lt;/ref&gt; The [[Slave Trade Act 1807|Slave Trade Act]] was passed by the [[Parliament of the United Kingdom|British Parliament]] on 25 March 1807, making the slave trade illegal throughout the British Empire.&lt;ref&gt;Clarkson, T., ''History of the Rise, Progress and Accomplishment of the Abolition of the African Slave Trade by the British Parliament'', London, 1808.&lt;/ref&gt; Britain used its influence to coerce other countries to agree to [[Abolition of slavery timeline#1800–1849|treaties]] to end their slave trade and allow the Royal Navy to [[Blockade of Africa|seize their slave ships]].&lt;ref&gt;{{cite book|last1=Falola|first1=Toyin|last2=Warnock|first2=Amanda|title=Encyclopedia of the middle passage|date=2007|publisher=Greenwood Press|isbn=978-0-313-33480-1|pages=xxi, xxxiii–xxxiv|url=https://books.google.com/books?id=UjRYKePKrB8C&amp;pg=PR21}}&lt;/ref&gt;&lt;ref&gt;{{Cite web|url=https://www.pdavis.nl/Background.htm|title=William Loney RN - Background|website=www.pdavis.nl}}&lt;/ref&gt; Britain enforced the abolition of the trade because the act made trading slaves within British territories illegal. However, the act repealed the [[Amelioration Act 1798]] which attempted to improve conditions for slaves. The end of the slave trade did not end slavery as a whole. Slavery was still a common practice.
[[File:Thomas Clarkson by Carl Frederik von Breda.jpg|thumb|right|upright|[[Thomas Clarkson]] was the key speaker at the British and Foreign Anti-Slavery Society's (today known as [[Anti-Slavery International]]) first conference in London, 1840]]
In the 1820s, the abolitionist movement revived to campaign against the institution of slavery itself. In 1823 the first Anti-Slavery Society, the [[Society for the Mitigation and Gradual Abolition of Slavery Throughout the British Dominions]], was founded. Many of its members had previously campaigned against the slave trade. On 28 August 1833, the [[Slavery Abolition Act]] was passed. It purchased the slaves from their masters and paved the way for the abolition of slavery throughout the British Empire by 1838,&lt;ref&gt;Mary Reckord, "The Colonial Office and the Abolition of Slavery." ''Historical Journal'' 14, no. 4 (1971): 723-34. [http://www.jstor.org/stable/2638103 online].&lt;/ref&gt; after which the first Anti-Slavery Society was wound up.

In 1839, the [[British and Foreign Anti-Slavery Society]] was formed by [[Joseph Sturge]], which attempted to outlaw slavery worldwide and also to pressure the government to help enforce the suppression of the slave trade by declaring [[slave traders]] to be pirates. The world's oldest international human rights organization, it continues today as [[Anti-Slavery International]].&lt;ref&gt;[http://arquivo.pt/wayback/20160513171717/http://portal.unesco.org/education/en/ev.php-URL_ID=9462&amp;URL_DO=DO_PRINTPAGE&amp;URL_SECTION=201.html Anti-Slavery International] UNESCO. Retrieved 11 October 2011.&lt;/ref&gt; Thomas Clarkson was the key speaker at the [[World Anti-Slavery Convention]] it held in London in 1840.

==Moldavia and Wallachia==
{{Main|Slavery in Romania}}
In the principalities of [[Wallachia]] and [[Moldavia]], the government held slavery of the [[Romani people|Roma]] (often referred to as Gypsies) [[Slavery in Romania|as legal]] at the beginning of the 19th century. The progressive pro-European and anti-Ottoman movement, which gradually gained power in the two principalities, also worked to abolish that slavery. Between 1843 and 1855, the principalities emancipated all of the 250,000 enslaved Roma people.&lt;ref&gt;Viorel Achim (2010). "Romanian Abolitionists on the Future of the Emancipated Gypsies", ''Transylvanian Review'', Vol. XIX, Supplement no. 4, 2010, p. 23.&lt;/ref&gt;

==Tunisia==
{{Main|Slavery in Tunisia}}
[[Ahmad I ibn Mustafa]], [[list of Beys of Tunis|Bey (leader) of Tunis]], started measures to abolish slavery in Tunisia in 1841.&lt;ref&gt;Montana, Ismael M. The abolition of slavery in Ottoman Tunisia. University Press of Florida, 2013. https://academic.oup.com/ahr/article-abstract/119/4/1396/44457&lt;/ref&gt; Then, slavery was completely abolished in 1846.&lt;ref&gt;UNESCO Memory of the World, "The Abolition of Slavery in Tunisia 1841–1846", http://www.unesco.org/new/en/communication-and-information/memory-of-the-world/register/full-list-of-registered-heritage/registered-heritage-page-1/the-abolition-of-slavery-in-tunisia-1841-1846/&lt;/ref&gt;

==In the Americas==
[[File:Hugh Elliot.png|right|thumb|upright=0.75|[[Hugh Elliot]] was a noted abolitionist. Whilst Governor in the [[British West Indies]], he was reported to be the driving force behind the arrest, trial and execution of a wealthy white planter [[Arthur William Hodge|Arthur Hodge]] for the murder of a slave.]]

[[Bartolomé de las Casas]] was a 16th-century [[Spanish Empire|Spanish]] [[Dominican Order|Dominican]] priest, the first resident Bishop of [[Chiapas]] (Central America, today Mexico). As a settler in the [[New World]] he witnessed and opposed the poor treatment and virtual slavery of the [[Indigenous peoples of the Americas|Native Americans]] by the Spanish colonists, under the [[encomienda]] system. He advocated before King [[Charles V, Holy Roman Emperor]] on behalf of rights for the natives.

Las Casas for 20 years worked to get African slaves imported to replace natives; African slavery was everywhere and no one talked of ridding the New World of it, though France had abolished slavery in France itself and there was talk in other countries about doing the same. In fact, from a purely economic point of view Africans were better slaves, stronger and healthier, because the "[[Middle Passage]]" had selected for these traits. However, Las Casas had a late change of heart, and became an advocate for the Africans in the colonies.&lt;ref&gt;{{cite news|url=http://news.bbc.co.uk/2/hi/americas/3184668.stm |title=Columbus 'sparked a genocide' |date=12 October 2003|work=BBC News}}&lt;/ref&gt;&lt;ref name="ReferenceA"&gt;Blackburn 1997: 136; Friede 1971:165–66. Las Casas' change in his views on African slavery is expressed particularly in chapters 102 and 129, Book III of his ''Historia''.&lt;/ref&gt;

His book, ''[[A Short Account of the Destruction of the Indies]]'', contributed to Spanish passage of colonial legislation known as the [[New Laws of 1542]], which abolished native slavery for the first time in European colonial history. It ultimately led to the [[Valladolid debate]], the first European debate about the rights of colonized people.

===Latin America===
[[File:Punishing negroes at Calabouco.jpg|thumb|left|upright=0.95|Punishing slaves at Calabouço, in [[Rio de Janeiro]], c. 1822. Brazil in 1888 was the last nation in the Western Hemisphere to abolish slavery.]]
During the early 19th century, slavery expanded rapidly in Brazil, Cuba, and the United States, while at the same time the new republics of mainland Spanish America became committed to the gradual abolition of slavery.  During the [[Spanish American wars of independence|Spanish American wars for independence]] (1810–1826), slavery was abolished in most of Latin America, though it continued until 1873 in [[Afro-Puerto Ricans#Abolition of slavery|Puerto Rico]], 1886 in Cuba, and 1888 in Brazil (where it was abolished by the ''[[Lei Áurea]]'', the "Golden Law"). Chile declared [[freedom of wombs]] in 1811, followed by the [[United Provinces of the River Plate]] in 1813, [[Colombia]] and [[Venezuela]] in 1821, but without abolishing slavery completely. While Chile abolished slavery in 1823, Argentina did so with the signing of the [[Argentine Constitution of 1853]]. Peru abolished slavery in 1854. Colombia abolished slavery in 1851.  Slavery was abolished in Uruguay during the ''[[Uruguayan Civil War|Guerra Grande]]'', by both the government of [[Fructuoso Rivera]] and the [[government in exile]] of [[Manuel Oribe]].&lt;ref&gt;Peter Hinks and John McKivigan, eds. ''Abolition and Antislavery: A Historical Encyclopedia of the American Mosaic'' (2015).&lt;/ref&gt;

===Canada===
{{main|Slavery in Canada}}
[[File:Thomas Andrew Lumisden Strange by Benjamin West.png|thumb|upright|Chief Justice [[Thomas Andrew Lumisden Strange]] – helped free [[Black Nova Scotian]] slaves&lt;ref&gt;The portrait is now at the National Gallery of Scotland.  According to Thomas Akins, this portrait hung in the legislature of [[Province House (Nova Scotia)]] in 1847 (see ''History of Halifax'', p. 189).&lt;/ref&gt;]]
Throughout the growth of slavery in the American South, [[Nova Scotia]] became a destination for black refugees leaving Southern Colonies and United States. While many blacks who arrived in Nova Scotia during the American Revolution were free, others were not.&lt;ref&gt;{{cite book|url=https://archive.org/stream/jstor-2713627/2713627#page/n0/mode/2up|title=Slavery in the Maritime Provinces|publisher=The Journal of Negro History|date=July 1920}}&lt;/ref&gt; Black slaves also arrived in Nova Scotia as the property of [[White American]] Loyalists. In 1772, prior to the American Revolution, Britain [[Somerset v Stewart|determined that slavery could not exist in the British Isles]] followed by the [[Joseph Knight (slave)|Knight v. Wedderburn]] decision in Scotland in 1778. This decision, in turn, influenced the colony of Nova Scotia.  In 1788, abolitionist [[James Drummond MacGregor]] from Pictou published the first anti-slavery literature in Canada and began purchasing slaves' freedom and chastising his colleagues in the Presbyterian church who owned slaves.&lt;ref&gt;{{cite web|url=http://www.biographi.ca/en/bio/macgregor_james_drummond_6E.html|title=Biography – MacGregor James Drummond – Volume VI (1821–1835) – Dictionary of Canadian Biography|work=biographi.ca}}&lt;/ref&gt; In 1790 [[John Burbidge]] freed his slaves.  Led by [[Richard John Uniacke]], in 1787, 1789 and again on 11 January 1808, the Nova Scotian legislature refused to legalize slavery.&lt;ref&gt;Bridglal Pachai &amp; Henry Bishop. ''Historic Black Nova Scotia'', 2006, p. 8.&lt;/ref&gt;&lt;ref&gt;John Grant. ''Black Refugees'', p. 31.&lt;/ref&gt; Two chief justices, [[Thomas Andrew Lumisden Strange]] (1790–1796) and [[Sampson Salter Blowers]] (1797–1832) were instrumental in freeing slaves from their owners in Nova Scotia.&lt;ref&gt;{{Cite web|url=http://www.biographi.ca/en/bio.php?id_nbr=3679|title=Biography – STRANGE, Sir THOMAS ANDREW LUMISDEN – Volume VII (1836–1850) – Dictionary of Canadian Biography|website=www.biographi.ca}}&lt;/ref&gt;&lt;ref&gt;{{cite web|url=http://courts.ns.ca/History_of_Courts/history_noframes/milestones.htm|title=Celebrating the 250th Anniversary of the Supreme Court of Nova Scotia.|work=courts.ns.ca}}&lt;/ref&gt;&lt;ref&gt;Barry Cahill, "Slavery and the Judges of Loyalist Nova Scotia", ''UNB Law Journal'', 43 (1994), pp. 73–135.&lt;/ref&gt; They were held in high regard in the colony. By the end of the [[War of 1812]] and the arrival of the Black Refugees, there were few slaves left in Nova Scotia.&lt;ref&gt;{{cite web|url=https://novascotia.ca/archives/virtual/africanns/results.asp?Search=&amp;SearchList1=3&amp;Language=English|title=Nova Scotia Archives – African Nova Scotians|work=novascotia.ca}}&lt;/ref&gt; The [[Slave Trade Act 1807|Slave Trade Act]] outlawed the slave trade in the British Empire in 1807 and the [[Slavery Abolition Act 1833|Slavery Abolition Act of 1833]] outlawed slavery all together.

With slaves escaping to New York and New England, legislation for gradual emancipation was passed in [[Upper Canada]] (1793) and [[Lower Canada]] (1803). In Upper Canada, the [[Act Against Slavery]] of 1793 was passed by the Assembly under the auspices of [[John Graves Simcoe]]. It was the first legislation against slavery in the [[British Empire]]. Under its provisions no new slaves could be imported, slaves already in the province would remain enslaved until death, and children born to female slaves would be slaves but must be freed at the age of 25. The last slaves in Canada gained their freedom when slavery was abolished in the entire British Empire by the Slavery Abolition Act of 1833.&lt;ref&gt;Robin Winks, ''Blacks in Canada: A History'' (1971).&lt;/ref&gt;

{{clear}}

===United States===
{{main|Abolitionism in the United States|Slavery in the United States|Contemporary slavery in the United States}}
[[File:UncleTomsCabinCover.jpg|thumb|right|upright=0.8|''[[Uncle Tom's Cabin]]'' inflamed public opinion in the North and Britain against the evils of slavery.]]
The historian [[James M. McPherson]] defines an abolitionist "as one who before the Civil War had agitated for the immediate, unconditional, and total abolition of slavery in the United States".&lt;ref name="McPherson1995"/&gt; He does not include antislavery activists such as Abraham Lincoln or the Republican Party, which called for the gradual ending of slavery.&lt;ref name="McPherson1995"&gt;{{cite book|author=James M. McPherson|title=The Abolitionist Legacy: From Reconstruction to the Naacp|url=https://archive.org/details/abolitionistlega0000mcph|url-access=registration|year=1995|publisher=Princeton University Press|page=[https://archive.org/details/abolitionistlega0000mcph/page/4 4]|isbn=978-0-691-10039-5}}&lt;/ref&gt;

[[Benjamin Franklin]], a slaveholder for much of his life, became a leading member of the [[Pennsylvania Society for the Abolition of Slavery]], the first recognized organization for abolitionists in the United States.&lt;ref&gt;{{cite book|author=Seymour Stanton Black|title=Benjamin Franklin: Genius of Kites, Flights, and Voting Rights}}&lt;/ref&gt; Following the [[American Revolutionary War]], Northern states abolished slavery, beginning with the [[Constitution of Vermont#1777|1777 Constitution of Vermont]], followed by [[Pennsylvania's gradual emancipation act in 1780]]. Other states with more of an economic interest in slaves, such as New York and New Jersey, also passed gradual emancipation laws, and by 1804, all the Northern states had abolished it, although this did not mean that already enslaved people were freed. Some had to work without wages as "[[indentured servants]]" for two more decades, although they could no longer be sold.

Also in the post-Revolutionary years, individual slaveholders, especially in the [[Upper South]], manumitted slaves, sometimes in their wills. (In the [[Deep South]] manumission was made difficult; in South Carolina every manumission required legislative approval, and the freed slaves had to leave the state immediately.) Many noted that they had been moved by the revolutionary ideals of the equality of men. The number of free black people as a proportion of the black population increased from less than one percent to nearly ten percent from 1790 to 1810 in the Upper South as a result of these actions.

By 1840 more than 15,000 people were members of abolitionist societies in the United States.&lt;ref&gt;{{Cite book|title=The Young people's encyclopedia of the United States|date=1993|publisher=Millbrook Press|others=Shapiro, William E.|isbn=1-56294-514-9|location=Brookfield, Conn.|oclc=30932823}}&lt;/ref&gt;
[[File:Abolition of slavery in the United States SVG map.svg|thumb|Abolition of slavery in the various states of the US over time:{{Legend|#84c6c9|Abolition of slavery during or shortly after the American Revolution}}
{{Legend|#7be3de|The Northwest Ordinance, 1787}}
{{Legend|#64e5c5|Gradual emancipation in New York (starting 1799) and New Jersey (starting 1804)}}
{{Legend|#7ab377|The Missouri Compromise, 1821}}
{{Legend|#5f9b4a|Effective abolition of slavery by Mexican or joint US/British authority}}
{{Legend|#97cf2d|Abolition of slavery by Congressional action, 1861}}
{{Legend|#c7dd47|Abolition of slavery by Congressional action, 1862}}
{{Legend|#ffe86d|Emancipation Proclamation as originally issued, 1 Jan 1863}}
{{Legend|#f1c84e|Subsequent operation of the Emancipation Proclamation in 1863}}
{{Legend|#d39c59|Abolition of slavery by state action during the Civil War}}
{{Legend|#f7b360|Operation of the Emancipation Proclamation in 1864}}
{{Legend|#f6a89a|Operation of the Emancipation Proclamation in 1865}}
{{Legend|#d3595f|Thirteenth Amendment to the US constitution, 18 Dec 1865}}
{{Legend|#bca4b1|Territory incorporated into the US after the passage of the Thirteenth Amendment}}]]
In the 1850s in the fifteen states constituting the [[Southern United States|American South]], slavery was legally established. While it was fading away in the cities as well as in the border states, it remained strong in plantation areas that grew cotton for export, or sugar, tobacco, or hemp. According to the [[1860 United States Census]], the slave population in the United States had grown to four million.&lt;ref&gt;[http://www.itd.nps.gov/cwss/manassas/social/introsoc.htm Introduction – Social Aspects of the Civil War] {{webarchive|url=https://web.archive.org/web/20070714073725/http://www.itd.nps.gov/cwss/manassas/social/introsoc.htm |date=14 July 2007 }}, National Park Service.&lt;/ref&gt; American abolitionism was based in the North, although there were anti-abolitionist riots in several cities. In the South abolitionism was illegal, and abolitionist publications, like [[The Liberator (newspaper)|The Liberator]], could not be sent to Southern post offices. [[Amos Dresser]], a white alumnus of [[Lane Theological Seminary]], was publicly whipped in [[Nashville, Tennessee]] for possessing abolitionist publications.&lt;ref&gt;{{cite news
|first=Amos
|last=Dresser
|title=Amos Dresser's Own Narrative
|newspaper=[[The Liberator (newspaper)|The Liberator]]
|date=26 September 1835
|page=4
|via=newspapers.com
|url=https://www.newspapers.com/clip/36563788/amos_dresser_on_his_conviction_and/}}&lt;/ref&gt;&lt;ref&gt;{{cite news
|title=Amos Dresser's Case
|newspaper=[[New York Post|Evening Post]]
|date=17 September 1835
|page=1
|url=https://www.newspapers.com/clip/34358436/amos_dresser_case_part_1/
|via=newspapers.com}}&lt;/ref&gt;

Abolitionism in the United States became a popular expression of [[moralism]],&lt;ref name="Robins2004"&gt;{{cite book |last1=Robins |first1=R.G. |title=A.J. Tomlinson: Plainfolk Modernist |date=2004 |publisher=Oxford University Press |isbn=978-0-19-988317-2 |language=en}}&lt;/ref&gt; operating in tandem with other social reform efforts, such as the [[temperance movement]],&lt;ref name="Finkelman2006"&gt;{{cite book |last1=Finkelman |first1=Paul |title=Encyclopedia of African American History, 1619–1895 |date=2006 |publisher=Oxford University Press, US |isbn=978-0-19-516777-1 |page=228 |language=en|quote=These and other African American temperance activists – including James W.C. Pennington, Robert Purvis, William Watkins, William Whipper, Samule Ringgold Ward, Sarah Parker Remond, Francese E. Watkins Harper, William Wells Brown, and Frederick Douglass – increasingly linked temperance to a larger battle against slavery, discrimination, and racism. In churches, coventions, and newspapers, these reformers promoted an absolute and immediate rejection of both alcohol and slavery. The connection between temperance and antislavery views remained strong throughout the 1840s and 1850s. The white abolitionists Arthur Tappan and Gerrit Smith helped lead the American Temperance Union, formed in 1833. Frederick Douglass, who took the teetotaler pledge while in Scotland in 1845, claimed, "I am a temperance man because I am an anti-slavery man." Activists argued that alcohol aided slavery by keeping enslaved men and women addled and by sapping the strength of free black communities.}}&lt;/ref&gt;&lt;ref name="VenturelliFleckenstein2017"&gt;{{cite book |last1=Venturelli |first1=Peter J. |last2=Fleckenstein |first2=Annette E. |title=Drugs and Society |date=2017 |publisher=Jones &amp; Bartlett Learning |isbn=978-1-284-11087-6 |page=252 |language=en|quote=Because the temperance movement was closely tied to the abolitionist movement as well as to the African American church, African Americans were preeminent promoters of temperance.}}&lt;/ref&gt; and much more problematically, the [[Women's suffrage in the United States|women's suffrage movement]].

The white abolitionist movement in the North was led by social reformers, especially [[William Lloyd Garrison]], founder of the [[American Anti-Slavery Society]]; writers such as [[John Greenleaf Whittier]] and [[Harriet Beecher Stowe]]. Black activists included former slaves such as [[Frederick Douglass]]; and free blacks such as the brothers [[Charles Henry Langston]] and [[John Mercer Langston]], who helped found the Ohio Anti-Slavery Society.&lt;ref&gt;Leon F. Litwack and August Meier, eds., "John Mercer Langston: Principle and Politics", in ''Black Leaders of the 19th century'', University of Illinois Press, 1991, pp. 106–11&lt;/ref&gt; Some abolitionists said that slavery was criminal and a sin; they also criticized slave owners of using black women as [[concubines]] and taking sexual advantage of them.&lt;ref&gt;{{cite book|author=James A. Morone|title=Hellfire Nation: The Politics of Sin in American History|url=https://books.google.com/books?id=XnP-vMOiRREC&amp;pg=PA154|year= 2004|publisher=Yale University Press|page=154|isbn=978-0-300-10517-9|author-link=James A. Morone}}&lt;/ref&gt;

The [[Republican Party (United States)|Republican Party]] wanted to achieve the gradual extinction of slavery by market forces, because its members believed that free labour was superior to slave labour. White southern leaders said that the Republican policy of blocking the expansion of slavery into the West made them second-class citizens, and they also said it challenged their autonomy. With the [[1860 United States presidential election|1860 presidential victory]] of [[Abraham Lincoln]], seven Deep South states whose economy was based on cotton and the labour of enslaved people decided to secede and form a new nation. The [[American Civil War]] broke out in April 1861 with the [[Battle of Fort Sumter|firing on Fort Sumter]] in [[South Carolina]]. When [[President Lincoln's 75,000 volunteers|Lincoln called for troops]] to suppress the rebellion, four more slave states seceded. Meanwhile, four slave states (Maryland, Missouri, Delaware, and Kentucky) chose to remain in the Union.

====Civil War and final emancipation====
[[File:Mustered out, harper's weekly, little rock, AR.jpg|right|thumb|Black volunteer soldiers muster out to their first freedom, ''[[Harper's Weekly]]'', 1866]]
On 16 April 1862, Abraham Lincoln signed the [[District of Columbia Compensated Emancipation Act]], abolishing slavery in Washington D. C.  Meanwhile, the Union suddenly found themselves dealing with a steady stream of escaped slaves from the South rushing to Union lines.  In response, Congress passed the [[Confiscation Acts]], which essentially declared escaped slaves from the South to be confiscated war property, called [[Contraband (American Civil War)|contrabands]], so that they would not be returned to their masters in the [[Confederate States of America|Confederacy]].  Although the initial act did not mention emancipation, the second Confiscation Act, passed on 17 July 1862, stated that escaped or liberated slaves belonging to anyone who participated in or supported the rebellion "shall be deemed captives of war, and shall be forever free of their servitude, and not again held as slaves." Later on, Lincoln's [[Emancipation Proclamation]] was an executive order of the U.S. government issued on 1 January 1863, changing the legal status of 3&amp;nbsp;million slaves in the Confederacy from "slave" to "forever free". Slaves were legally freed by the Proclamation and became actually free by escaping to federal lines, or by advances of federal troops. Many served the federal army as teamsters, cooks, laundresses, and labourers, as well as scouts, spies, and guides. Confederate General Robert Lee once said "The chief source of information to the enemy is through our negroes."&lt;ref&gt;{{Cite web|title=African Americans In The Civil War|url=https://www.historynet.com/african-americans-in-the-civil-war|access-date=2021-07-24|website=HistoryNet|language=en-US}}&lt;/ref&gt; Plantation owners sometimes moved the Blacks they claimed to own as far as possible out of reach of the Union army.&lt;ref&gt;Leon F. Litwack, ''Been in the Storm So Long: The Aftermath of Slavery'' (1979), pp. 30–36, 105–66.&lt;/ref&gt; By "[[Juneteenth]]" (19 June 1865, in Texas), the Union Army controlled all of the Confederacy and liberated all its slaves. The owners were never compensated, nor were freed slaves compensated by former owners.&lt;ref&gt;Michael Vorenberg, ed., ''The Emancipation Proclamation: A Brief History with Documents'' (2010).&lt;/ref&gt;&lt;ref&gt;Peter Kolchin, "Reexamining Southern Emancipation in Comparative Perspective," ''Journal of Southern History'', 81#1 (February 2015), 7–40.&lt;/ref&gt;

The border states were exempt from the Emancipation Proclamation, but they too (except Delaware) began their own emancipation programmes.&lt;ref name="History Channel on the emancipation Proclamation"&gt;{{cite web|last1=Foner|first1=Eric|last2=Garraty|first2=John A.|title=Emancipation Proclamation |url=http://www.history.com/topics/american-civil-war/emancipation-proclamation|publisher=History Channel|access-date=13 October 2014}}&lt;/ref&gt; When the Union Army entered Confederate areas, thousands of slaves escaped to freedom behind Union Army lines, and in 1863 many men started serving as the [[United States Colored Troops]].

As the war dragged on, both the federal government and Union states continued to take measures against slavery.  In June 1864, the [[Fugitive Slave Act of 1850]], which required free states to aid in returning escaped slaves to slave states, was repealed.  The state of Maryland abolished slavery on 13 October 1864.  Missouri abolished slavery on 11 January 1865. [[West Virginia]], which had been admitted to the Union in 1863 as a slave state, but on the condition of gradual emancipation, fully abolished slavery on 3 February 1865.  The [[Thirteenth Amendment to the United States Constitution|13th Amendment to the U.S. Constitution]] took effect in December 1865, 7 months after the end of the war, and finally ended slavery throughout the United States. It also abolished slavery among the Indian tribes, including the Alaska tribes that became part of the U.S. in 1867.&lt;ref&gt;Vorenberg, ''Final Freedom: The Civil War, the Abolition of Slavery, and the Thirteenth Amendment'' (2004).&lt;/ref&gt;

==Notable abolitionists==
{{See also|List of abolitionists}}
White and Black opponents of slavery, who played a considerable role in the movement. This list includes some escaped slaves, who were traditionally called abolitionists.
{{div col|colwidth=30em}}
* [[William Wilberforce]] – Wilberforce was a leader of the abolitionism movement. He was an English politician who became a Member of Parliament. His involvement in the political realm lead to a change in ideology. Wilberforce became very interested in reform and dedicated his efforts to abolishing the practice of slavery and discrimination.
* [[Henry Dundas, 1st Viscount Melville|Henry Dundas]] Achieved the first victory in the House of Commons for the abolition of the Atlantic Slave Trade in 1792.
* [[Toussaint Louverture]]
* [[Abbé Grégoire]]
* [[Jeremy Bentham]]
* [[John Stuart Mill]]
* [[Harriet Martineau]]
* [[Harriet Tubman]]
* [[John Brown (abolitionist)|John Brown]]
* [[Harriet Beecher Stowe]]
* [[John Gregg Fee]]
* [[Johns Hopkins]]
* [[Isabel, Princess Imperial of Brazil]]
* [[John Laurens]]
* [[William Lloyd Garrison]]
* [[William B. Preston]]
* [[José do Patrocínio]]
* [[Frederick Douglass]]
* [[Henry David Thoreau]]
* [[Oren B. Cheney|Oren Burbank Cheney]]
* [[John Woolman]]
* [[Charles Miner]]
* [[Joaquim Nabuco]]
* [[David Walker (abolitionist)|David Walker]]
* [[Nat Turner]]
* [[Sarah Mapps Douglass]]
* [[William Wells Brown]]
* [[Ellen and William Craft]]
* [[Frances Ellen Watkins Harper]]
* [[Henry Highland Garnet]]
* [[Sojourner Truth]]
* [[John Quincy Adams]]
* [[Grimké sisters|Angelina and Sarah Grimké]]
* [[Daniel O'Connell]]
{{div col end}}

==Abolitionist publications==
[[File:Gordon, scourged back, NPG, 1863.jpg|thumb|right|upright|Medical examination photo of [[Gordon (slave)|Gordon]] showing his scourged back, widely distributed by Abolitionists to expose the brutality of slavery. From at least the 1860s onwards, photography was a powerful tool in the abolitionist movement.&lt;ref&gt;https://www.smithsonianmag.com/smart-news/how-sojourner-truth-used-photography-help-end-slavery-180959952/&lt;/ref&gt;&lt;ref&gt;https://www.whatitmeanstobeamerican.org/identities/why-abolitionist-frederick-douglass-loved-the-photograph&lt;/ref&gt;]]

===United States===
* ''The Emancipator'' (1819–20): founded in [[Jonesboro, Tennessee]] in 1819 by [[Elihu Embree]] as the ''[[Manumission Intelligencier]]'', ''The Emancipator'' ceased publication in October 1820 due to Embree's illness. It was sold in 1821 and became ''[[The Genius of Universal Emancipation]]''.
* ''[[Genius of Universal Emancipation]]'' (1821–39): an [[Abolitionism in the United States|abolitionist]] newspaper published and edited by [[Benjamin Lundy]]. In 1829 it employed [[William Lloyd Garrison]], who would go on to create '''The Liberator''.
* ''[[The Liberator (newspaper)|The Liberator]]'' (1831–65): a weekly newspaper founded by [[William Lloyd Garrison]].
* ''[[The Emancipator (newspaper)|The Emancipator]]'' (1833–1850): different from ''The Emancipator'' above. Published in New York and later Boston.
* ''[[The Slave's Friend]]'' (1836–38): an anti-slavery magazine for children produced by the [[American Anti-Slavery Society]] (AASS).
* ''[[The Philanthropist (Cincinnati, Ohio)|The Philanthropist]]'' (1836–37): newspaper published in Ohio for and owned by the [[Anti-Slavery Society (1823–1838)|Anti-Slavery Society]].
* ''[[The Liberty Bell (annual)|The Liberty Bell, by Friends of Freedom]]'' (1839–58): an annual [[gift book]] edited and published by [[Maria Weston Chapman]], to be sold or gifted to participants in the anti-slavery bazaars organized by the [[Boston Female Anti-Slavery Society]].
* ''[[National Anti-Slavery Standard]]'' (1840–70): the official weekly newspaper of the [[American Anti-Slavery Society]], the paper published continuously until the ratification of the [[Fifteenth Amendment to the United States Constitution]] in 1870.
* ''[[The Unconstitutionality of Slavery]]'' (1845): a [[pamphlet]] by [[Lysander Spooner]] advocating the view that the [[U.S. Constitution]] prohibited slavery.
* ''[[The Anti-Slavery Bugle]]'' (1845–1861): a newspaper published in [[Lisbon, Ohio|New Lisbon]] and [[Salem, Ohio|Salem]], [[Columbiana County, Ohio|Columbiana County]], [[Ohio]], and distributed locally and across the mid-west, primarily to [[Quakers]].
* ''[[The National Era]]'' (1847–60): a weekly newspaper which featured the works of [[John Greenleaf Whittier]], who served as associate editor, and first published, as a serial, [[Harriet Beecher Stowe]]'s ''[[Uncle Tom's Cabin]]'' (1851).
* [[North Star (anti-slavery newspaper)|''North Star'']] (1847–51): an anti-slavery American newspaper published by the escaped slave, author, and abolitionist, [[Frederick Douglass]].

===International===
* [[Slave narrative]]s, books published in the U.S. and elsewhere by former slaves or about former slaves, relating their experiences.
* [[Anti-Slavery International#Publications|Anti-Slavery International publications]]

==National abolition dates==&lt;!-- This section is linked from [[Slavery]] --&gt;
{{Main|Timeline of abolition of slavery and serfdom}}
[[File:Abolicion de la esclavitud en Venezuela.jpg|thumb|upright=1.05|[[José Gregorio Monagas]] abolished slavery in [[Venezuela]] in 1854.]]

== After abolition ==
In societies with large proportions of the population working in conditions of slavery or serfdom, stroke-of-the-pen laws declaring abolition can have thorough-going social, economic and political consequences. Issues of [[Compensated emancipation|compensation]]/redemption, land-redistribution and citizenship can prove intractable. For example:

* Haiti, which effectively achieved abolition due to slave revolt (1792–1804), struggled to overcome racial or anti-revolutionary prejudice in the international financial and diplomatic scene, and [[economy of Haiti|exchanged unequal prosperity for relative poverty]].
* Russia's emancipation of its serfs in 1861 failed to allay rural and industrial unrest, which played a part in fomenting the [[Russian Revolution|revolutions of 1917]].
* The United States of America achieved freedom for its slaves in 1865 with the ratification of the 13th Amendmant on December 6th of that year, but faced ongoing slavery-associated racial issues ([[Jim Crow system]], [[Civil rights movement|civil-rights struggles]]).
* [[Queensland]] deported most of its [[blackbirding|blackbirded]] Pacific Islander labour-force in 1901–1906.

Emancipation proved arguably less disruptive in areas such as Prussia or Sweden.

== Commemoration ==
People in modern times have commemorated abolitionist movements and the abolition of slavery in different ways around the world. The United Nations General Assembly declared 2004 the [[International Year to Commemorate the Struggle against Slavery and its Abolition]]. This proclamation marked the bicentenary of the proclamation of the first modern slavery-free state, Haiti. Numerous exhibitions, events and research programmes became associated with the initiative.

2007 witnessed major exhibitions in British museums and galleries to mark the anniversary of the 1807 abolition act – 1807 Commemorated&lt;ref&gt;{{cite web |url= http://www.history.ac.uk/1807commemorated |title= 1807 Commemorated |publisher= Institute for the Public Understanding of the Past and the Institute of Historical Research |year= 2007 |access-date= 27 November 2010 |archive-url= https://web.archive.org/web/20101226235736/http://www.history.ac.uk/1807commemorated/ |archive-date= 26 December 2010 |url-status= dead }}&lt;/ref&gt; 2008 marked the 201st anniversary of the Abolition of the Slave Trade in the British Empire.&lt;ref&gt;{{cite web |title= Slave Trade Act 1807 UK |url= http://www.anti-slaverysociety.addr.com/huk-1807act.htm |publisher= anti-slaverysociety.addr.com |access-date= 16 April 2008 |archive-date= 13 May 2008 |archive-url= https://web.archive.org/web/20080513231620/http://www.anti-slaverysociety.addr.com/huk-1807act.htm |url-status= dead }}&lt;/ref&gt; It also marked the 175th anniversary of the abolition of slavery in the British Empire.&lt;ref&gt;{{cite web |title= Slavery Abolition Act 1833 UK |url= http://www.anti-slaverysociety.addr.com/huk-1833act.htm |publisher= anti-slaverysociety.addr.com |access-date= 16 April 2008 |archive-date= 29 April 2008 |archive-url= https://web.archive.org/web/20080429205055/http://www.anti-slaverysociety.addr.com/huk-1833act.htm |url-status= dead }}&lt;/ref&gt;

The Faculty of Law at the [[University of Ottawa]] held a major international conference entitled, "Routes to Freedom:  Reflections on the Bicentenary of the Abolition of the Slave Trade", from 14 to 16 March 2008.&lt;ref&gt;
{{cite web
 |url= http://www.abolition1807-2007.uottawa.ca
 |title= Les Chemins de la Liberté : Réflexions à l'occasion du bicentenaire de l'abolition de l'esclavage / Routes to Freedom : Reflections on the Bicentenary of the Abolition of the Slave Trade
 |publisher= [[University of Ottawa]], Canada |access-date= 27 November 2010
 |url-status= dead
 |archive-url= https://web.archive.org/web/20110511100645/http://www.abolition1807-2007.uottawa.ca/
 |archive-date= 11 May 2011 
}}
&lt;/ref&gt;

==Contemporary abolitionism==
{{see also|Contemporary slavery|Human trafficking}}
[[File:Lucy Liu @ USAID Human Trafficking Symposium 02.jpg|thumb|upright|alt=Lucy Liu speaking at a 2009 USAID event raising awareness about human trafficking|Actress [[Lucy Liu]] speaking out against slavery]]
On 10 December 1948, the [[United Nations General Assembly|General Assembly]] of the United Nations adopted the [[Universal Declaration of Human Rights]]. Article 4 states:

&lt;blockquote&gt;No one shall be held in slavery or servitude; slavery and the slave trade shall be prohibited in all their forms.&lt;/blockquote&gt;

Although outlawed in most countries, slavery is nonetheless practised secretly in many parts of the world.  Enslavement still takes place in the [[Human trafficking in the United States|United States]], Europe, and Latin America,&lt;ref&gt;[[Kevin Bales|Bales, Kevin]]. ''Ending Slavery: How We Free Today's Slaves''. University of California Press, 2007, {{ISBN|978-0-520-25470-1}}.&lt;/ref&gt; as well as parts of Africa, the Middle East, and South Asia.&lt;ref&gt;[http://anti-slaverysociety.addr.com/slavery.htm "Does Slavery Still Exist?"] {{Webarchive|url=https://web.archive.org/web/20070406041116/http://www.anti-slaverysociety.addr.com/slavery.htm |date=6 April 2007 }} Anti-Slavery Society.&lt;/ref&gt; There are an estimated 27&amp;nbsp;million victims of slavery worldwide.&lt;ref&gt;{{cite journal|url=https://www.un.org/Pubs/chronicle/2005/issue3/0305p28.html |title=Slavery in the Twenty-First Century |journal=UN Chronicle |year=2005 |volume=Issue 3 |url-status=dead |archive-url=https://web.archive.org/web/20100412155246/http://www.un.org/Pubs/chronicle/2005/issue3/0305p28.html |archive-date=12 April 2010 }}&lt;/ref&gt; In Mauritania alone, estimates are that up to 600,000 men, women and children, or 20% of the population, are enslaved.  Many of them are used as [[bonded labour]].&lt;ref&gt;{{cite news |url=http://news.bbc.co.uk/2/hi/africa/6938032.stm |title=Mauritanian MPs pass slavery law |work=BBC News |date=9 August 2007}}&lt;/ref&gt;

Modern-day abolitionists have emerged over the last several years, as awareness of slavery around the world has grown, with groups such as [[Anti-Slavery International]], the [[American Anti-Slavery Group]], [[International Justice Mission]], and [[Free the Slaves]] working to rid the world of slavery.&lt;ref&gt;{{Cite book|last=Epps|first=Henry|title=A Concise Chronicle History of the African-American People Eperience in America|pages= 146}}&lt;/ref&gt;

In the United States, The Action Group to End Human Trafficking and Modern-Day Slavery is a coalition of NGOs, [[Foundation (nonprofit organization)|foundations]] and corporations working to develop a policy agenda for abolishing slavery and human trafficking.  Since 1997, the [[United States Department of Justice]] has, through work with the [[Coalition of Immokalee Workers]], prosecuted six individuals in Florida on charges of slavery in the agricultural industry.  These prosecutions have led to freedom for over 1000 enslaved workers in the tomato and orange fields of South Florida.  This is only one example of the contemporary fight against slavery worldwide.  Slavery exists most widely in agricultural labour, apparel and sex industries, and service jobs in some regions.&lt;ref&gt;{{Cite journal|last1=Barnes|first1=Kathrine Lynn|last2=Bendixsen|first2=Casper G.|date=2 January 2017|title="When This Breaks Down, It's Black Gold": Race and Gender in Agricultural Health and Safety|journal=Journal of Agromedicine|language=en|volume=22|issue=1|pages=56–65|doi=10.1080/1059924X.2016.1251368|pmid=27782783|s2cid=4251094|issn=1059-924X}}&lt;/ref&gt;

In 2000, the United States passed the Victims of Trafficking and Violence Protection Act (TVPA) "to combat trafficking in persons, especially into the sex trade, slavery, and involuntary servitude."&lt;ref&gt;{{Cite web|url=https://2009-2017.state.gov/documents/organization/10492.pdf|title=''Public Law 106–386 – 28 October 2000, Victims of Trafficking and Violence Protection Act of 2000''.}}&lt;/ref&gt; The TVPA also "created new law enforcement tools to strengthen the prosecution and punishment of traffickers, making human trafficking a Federal crime with severe penalties."&lt;ref&gt;[http://www.acf.hhs.gov/trafficking/about/TVPA_2000.pdf US Department of Health and Human Services] {{webarchive |url=https://web.archive.org/web/20080910001330/http://www.acf.hhs.gov/trafficking/about/TVPA_2000.pdf |date=10 September 2008 }}, TVPA Fact Sheet.&lt;/ref&gt;

In 2014, for the first time in history major Anglican, Catholic, and Orthodox Christian leaders, as well as Jewish, Muslim, Hindu, and Buddhist leaders, met to sign a shared commitment against modern-day slavery; the declaration they signed calls for the elimination of slavery and human trafficking by the year 2020.&lt;ref name="The Huffington Post"&gt;{{cite news|url=http://m.huffpost.com/us/entry/6256640|title=Pope Francis And Other Religious Leaders Sign Declaration Against Modern Slavery|newspaper=The Huffington Post|date=2 December 2014|last1=Belardelli|first1=Giulia}}&lt;/ref&gt; The signatories were: [[Pope Francis]], [[Mata Amritanandamayi|Mātā Amṛtānandamayī]] (also known as Amma), Bhikkhuni Thich Nu [[Chân Không]] (representing Zen Master [[Thích Nhất Hạnh]]), [[Datuk K. Sri Dhammaratana]], Chief High Priest of Malaysia, Rabbi and rector of the Seminario Rabínico Latinoamericano in Buenos Aires, Dr. [[Abraham Skorka]], Rabbi Dr. David Rosen, Dr. [[Abbas Abdalla Abbas Soliman]], Undersecretary of State of Al Azhar Alsharif (representing [[Mohamed Ahmed El-Tayeb]], Grand Imam of Al-Azhar), Grand Ayatollah [[Mohammad Taqi al-Modarresi]], Sheikh [[Naziyah Razzaq Jaafar]], Special advisor of Grand Ayatollah (representing Grand Ayatollah Sheikh [[Basheer Hussain al Najafi]]), Sheikh [[Omar Abboud]], [[Justin Welby]], Archbishop of Canterbury, and Metropolitan Emmanuel of France (representing Ecumenical [[Patriarch Bartholomew]].)&lt;ref name="The Huffington Post"/&gt;

The [[United States Department of State]] publishes the annual Trafficking in Persons Report, identifying countries as either Tier 1, Tier 2, Tier 2 Watch List or Tier 3, depending upon three factors: "(1) The extent to which the country is a country of origin, transit, or destination for severe forms of trafficking; (2) The extent to which the government of the country does not comply with the TVPA's minimum standards including, in particular, the extent of the government's trafficking-related corruption; and (3) The resources and capabilities of the government to address and eliminate severe forms of trafficking in persons."&lt;ref&gt;{{cite web |url=https://2001-2009.state.gov/g/tip/rls/tiprpt/2008/105376.htm |title=US Department of State Trafficking in Persons Report 2008, Introduction |publisher=state.gov}}&lt;/ref&gt;

==See also==
* [[Abolitionism (disambiguation)]], other movements to address perceived social ills, such as the [[Prison abolition movement]]
*[[Abolitionist teaching]]
* [[Anti-Slavery Society (disambiguation)]], various organisations referred to by this name
* [[History of slavery]]
* [[List of abolitionist forerunners]]
* [[London Society of West India Planters and Merchants]], a lobby group representing slave owners
* {{Lang|es|italic=no|[[Monumento a la abolición de la esclavitud]]}}, in Puerto Rico
* [[Representation of slavery in European art]]
* [[Slavery in the British and French Caribbean]]
* [[Timeline of abolition of slavery and serfdom]]

===Organisations and commemorations===
* [[International Day for the Abolition of Slavery]]
* [[International Day for the Remembrance of the Slave Trade and its Abolition]]

==References==
{{Reflist}}

==Sources==
* {{cite book|last=Hague|first=William|author-link=William Hague|title=William Pitt the Younger|year=2005 |isbn=978-0-00-714720-5|publisher=HarperPerennial}}

==Further reading==
{{Refbegin}}
* Bader-Zaar, Birgitta, [http://nbn-resolving.de/urn:nbn:de:0159-2011120524 "Abolitionism in the Atlantic World: The Organization and Interaction of Anti-Slavery Movements in the Eighteenth and Nineteenth Centuries"], [[European History Online]], Mainz: [[Institute of European History]], 2010; retrieved 14 June 2012.
* Blackwell, Marilyn S. {{"'}}Women Were Among Our Primeval Abolitionists': Women and Organized Antislavery in Vermont, 1834–1848", ''Vermont History'', 82 (Winter-Spring 2014), 13–44.
* Carey, Brycchan, and Geoffrey Plank, eds. ''Quakers and Abolition'' (University of Illinois Press, 2014), 264 pp.
* Coupland, Sir Reginald. "The British Anti-Slavery Movement". London: F. Cass, 1964.
* Davis, David Brion, ''The Problem of Slavery in the Age of Revolution, 1770–1823'' (1999); ''[[The Problem of Slavery in Western Culture]]'' (1988)
* Drescher, Seymour. ''Abolition: A History of Slavery and Antislavery'' (2009)
* Finkelman, Paul, ed. ''Encyclopedia of Slavery'' (1999)
* Kemner, Jochen. [http://www.uni-bielefeld.de/cias/wiki/a_Abolitionism.html "Abolitionism"] {{Webarchive|url=https://web.archive.org/web/20160806120434/http://www.uni-bielefeld.de/cias/wiki/a_Abolitionism.html |date=6 August 2016 }} (2015). University Bielefeld – Center for InterAmerican Studies.
* Gordon, M. ''Slavery in the Arab World'' (1989)
* Gould, Philip. ''Barbaric Traffic: Commerce and Antislavery in the 18th-century Atlantic World'' (2003)
* [[Richard Hellie|Hellie, Richard]]. ''Slavery in Russia: 1450–1725'' (1982)
* Hinks, Peter, and John McKivigan, eds. ''Encyclopedia of Antislavery and Abolition'' (2 vol. 2006) {{ISBN|0-313-33142-1}}; 846 pp; 300 articles by experts
* Jeffrey, Julie Roy. "Stranger, Buy... Lest Our Mission Fail: the Complex Culture of Women's Abolitionist Fairs". ''American Nineteenth Century History'' 4, no. 1 (2003): 185–205.
* Kolchin, Peter. ''Unfree Labor; American Slavery and Russian Serfdom'' (1987)
* Kolchin, Peter. "Reexamining Southern Emancipation in Comparative Perspective", ''Journal of Southern History'', (Feb. 2015) 81#1 pp.&amp;nbsp;7–40.
* Oakes, James. ''The Crooked Path to Abolition: Abraham Lincoln and the Antislavery Constitution'' (W.W. Norton, 2021). 
* Oakes, James. ''Freedom National: The Destruction of Slavery in the United States, 1861-1865'' (W. W. Norton, 2012)
* Palen, Marc-William. "[https://www.academia.edu/12743901/Free-Trade_Ideology_and_Transatlantic_Abolitionism_A_Historiography_Journal_of_the_History_of_Economic_Thought_ Free-Trade Ideology and Transatlantic Abolitionism: A Historiography]". ''Journal of the History of Economic Thought'' 37 (June 2015): 291–304.
* Reckord, Mary. "The Colonial Office and the Abolition of Slavery." ''Historical Journal'' 14, no. 4 (1971): 723–34. [http://www.jstor.org/stable/2638103 online]
* Rodriguez, Junius P., ed. ''Encyclopedia of Emancipation and Abolition in the Transatlantic World'' (2007)
* Rodriguez, Junius P., ed. ''The Historical Encyclopedia of World Slavery'' (1997)
* Sinha, Manisha. ''The Slave's Cause: A History of Abolition'' (Yale UP, 2016) 784 pp; Highly detailed coverage of the American movement
* Thomas, Hugh. ''The Slave Trade: The Story of the Atlantic Slave Trade: 1440–1870'' (2006)
* Unangst, Matthew. "Manufacturing Crisis: Anti-slavery ‘Humanitarianism’ and Imperialism in East Africa, 1888–1890." ''Journal of Imperial and Commonwealth History'' 48.5 (2020): 805-825.
* Wyman‐McCarthy, Matthew. "British abolitionism and global empire in the late 18th century: A historiographic overview." ''History Compass'' 16.10 (2018): e12480. https://doi.org/10.1111/hic3.12480
{{Refend}}

==External links==
{{Wikiquote}}
{{Collier's Poster|Abolitionists}}
* [http://www.parliament.uk/slavetrade Largest Surviving Anti Slave Trade Petition] from Manchester, UK 1806
* [http://www.footnote.com/viewer.php?image=4346710 Original Document Proposing Abolition of Slavery 13th Amendment]
* [http://www.tls.timesonline.co.uk/article/0,,25340-2597455,00.html "John Brown's body and blood"] by Ari Kelman: a review in the [http://tls.timesonline.co.uk/ ''TLS''], 14 February 2007.
* [https://web.archive.org/web/20120103172434/http://www.ltscotland.org.uk/abolition/ "Scotland and the Abolition of the Slave Trade"] – schools resource
* [https://www.brown.edu/Research/Slavery_Justice/documents/SlaveryAndJustice.pdf Report of the Brown University Steering Committee on Slavery and Justice]
* [https://web.archive.org/web/20110515192003/http://www.yale.edu/glc/events/cbss/Miers.pdf Twentieth Century Solutions of the Abolition of Slavery]
* ''[http://www.altonweb.com/history/lovejoy/ Elijah Parish Lovejoy: A Martyr on the Altar of American Liberty]{{Dead link|date=July 2021 |bot=InternetArchiveBot |fix-attempted=yes }}''
* [http://www.brycchancarey.com/abolition/ Brycchan Carey's pages listing British abolitionists]
* [http://www.blackhistory4schools.com/slavetrade/ Teaching resources about Slavery and Abolition] on blackhistory4schools.com
* [http://www.nationalarchives.gov.uk/pathways/blackhistory/rights/abolition.htm "The Abolition of the Slave Trade"], The National Archives (UK)
* [https://web.archive.org/web/20131030051521/https://www.sheffield.gov.uk/libraries/archives-and-local-studies/research-guides/slavery-and-abolition.html Towards Liberty: Slavery, the Slave Trade, Abolition and Emancipation]. Produced by Sheffield City Council's Libraries and Archives (UK)
* [https://web.archive.org/web/20070703222035/http://www.realnews-online.com/rn0112.htm The slavery debate]
* [https://web.archive.org/web/20060618001421/http://www.kshs.org/places/johnbrown/index.htm John Brown Museum]
* [https://web.archive.org/web/20051029170656/http://americanabolitionist.liberalarts.iupui.edu/ American Abolitionism]
* [http://www.AmericanAbolitionists.com American Abolitionists], comprehensive list of abolitionists and anti-slavery activists and organizations in the United States
* [http://anti-slaverysociety.addr.com/huk-history.htm History of the British abolitionist movement] {{Webarchive|url=https://web.archive.org/web/20070406041043/http://www.anti-slaverysociety.addr.com/huk-history.htm |date=6 April 2007 }} by Right Honourable Lord Archer of Sandwell
* [https://web.archive.org/web/20070930185612/http://www.gresham.ac.uk/event.asp?PageId=45&amp;EventId=476 "Slavery – The emancipation movement in Britain"], lecture by James Walvin at [[Gresham College]], 5 March 2007 (available for video and audio download)
* [http://teacher.scholastic.com/activities/bhistory/underground_railroad/index.htmThe Underground Railroad: Escape from Slavery]{{Dead link|date=June 2020 |bot=InternetArchiveBot |fix-attempted=yes }}. Scholastic.com
* [https://web.archive.org/web/20080423222002/http://www.virtualmuseum.ca/blackhistory/ "Black Canada and the Journey to Freedom"]
* [https://web.archive.org/web/20101226235736/http://www.history.ac.uk/1807commemorated/ 1807 Commemorated]
* [https://web.archive.org/web/20080828221052/http://www.theactiongroup.org/index.htm The Action Group]
* [https://2001-2009.state.gov/g/tip/rls/tiprpt/2008/ Trafficking in Persons Report 2008], US Department of State
* [http://www.freedomcenter.org/ National Underground Railroad Freedom Center] in Cincinnati, Ohio
* [https://web.archive.org/web/20200512211654/http://theliberatorfiles.com/ The Liberator Files], Horace Seldon's collection and summary of research of William Lloyd Garrison's ''[[The Liberator (anti-slavery newspaper)|The Liberator]]'' original copies at the Boston Public Library, Boston, Massachusetts.
* [http://research.udmercy.edu/find/special_collections/digital/baa/ University of Detroit Mercy Black Abolitionist Archive], a collection of more than 800 speeches by antebellum blacks and approximately 1,000 editorials from the period.
* [http://histclo.com/Act/work/slave/ast/abol.html Abolitionist movement] {{Webarchive|url=https://web.archive.org/web/20110407104924/http://histclo.com/act/work/slave/ast/abol.html |date=7 April 2011 }}
* Raymond James Krohn, [http://uscivilliberties.org/themes/2959-abolitionist-movement.html "Abolitionist Movement"], Encyclopedia of Civil Liberties in the United States

{{Underground Railroad}}
{{Slave narrative}}
{{Western culture}}
{{Authority control}}

[[Category:Abolitionism| ]]
[[Category:Political movements]]
[[Category:African diaspora history]]
[[Category:Slavery]]</text>
      <sha1>28avpfb6uyvuw8y576gy3gzm1covwin</sha1>
    </revision>
  </page>
</mediawiki>
