<mediawiki xmlns="http://www.mediawiki.org/xml/export-0.10/" xmlns:xsi="http://www.w3.org/2001/XMLSchema-instance" xsi:schemaLocation="http://www.mediawiki.org/xml/export-0.10/ http://www.mediawiki.org/xml/export-0.10.xsd" version="0.10" xml:lang="en">
  <siteinfo>
    <sitename>Wikipedia</sitename>
    <dbname>enwiki</dbname>
    <base>https://en.wikipedia.org/wiki/Main_Page</base>
    <generator>MediaWiki 1.37.0-wmf.15</generator>
    <case>first-letter</case>
    <namespaces>
      <namespace key="-2" case="first-letter">Media</namespace>
      <namespace key="-1" case="first-letter">Special</namespace>
      <namespace key="0" case="first-letter" />
      <namespace key="1" case="first-letter">Talk</namespace>
      <namespace key="2" case="first-letter">User</namespace>
      <namespace key="3" case="first-letter">User talk</namespace>
      <namespace key="4" case="first-letter">Wikipedia</namespace>
      <namespace key="5" case="first-letter">Wikipedia talk</namespace>
      <namespace key="6" case="first-letter">File</namespace>
      <namespace key="7" case="first-letter">File talk</namespace>
      <namespace key="8" case="first-letter">MediaWiki</namespace>
      <namespace key="9" case="first-letter">MediaWiki talk</namespace>
      <namespace key="10" case="first-letter">Template</namespace>
      <namespace key="11" case="first-letter">Template talk</namespace>
      <namespace key="12" case="first-letter">Help</namespace>
      <namespace key="13" case="first-letter">Help talk</namespace>
      <namespace key="14" case="first-letter">Category</namespace>
      <namespace key="15" case="first-letter">Category talk</namespace>
      <namespace key="100" case="first-letter">Portal</namespace>
      <namespace key="101" case="first-letter">Portal talk</namespace>
      <namespace key="118" case="first-letter">Draft</namespace>
      <namespace key="119" case="first-letter">Draft talk</namespace>
      <namespace key="710" case="first-letter">TimedText</namespace>
      <namespace key="711" case="first-letter">TimedText talk</namespace>
      <namespace key="828" case="first-letter">Module</namespace>
      <namespace key="829" case="first-letter">Module talk</namespace>
      <namespace key="2300" case="first-letter">Gadget</namespace>
      <namespace key="2301" case="first-letter">Gadget talk</namespace>
      <namespace key="2302" case="case-sensitive">Gadget definition</namespace>
      <namespace key="2303" case="case-sensitive">Gadget definition talk</namespace>
    </namespaces>
  </siteinfo>
  <page>
    <title>Janja Garnbret</title>
    <ns>0</ns>
    <id>51222144</id>
    <revision>
      <id>1035205021</id>
      <parentid>1035200511</parentid>
      <timestamp>2021-07-24T09:09:36Z</timestamp>
      <contributor>
        <username>Snowflake91</username>
        <id>30085842</id>
      </contributor>
      <model>wikitext</model>
      <format>text/x-wiki</format>
      <text bytes="22351" xml:space="preserve">{{Short description|Slovenian sport climber}}
{{Infobox climber
| image            = Janja Garnbret 2017 (cropped).jpg
| image_size       =
| caption          = Garnbret at the 2017 Boulder World Cup in [[Munich]]
| name             = Janja Garnbret
| nationality      = Slovenian
| birth_date       = {{birth date and age|1999|03|12}}
| birth_place      = [[Slovenj Gradec]], Slovenia&lt;ref&gt;{{cite web |title=Podelitev Bloudkovih priznanj za leto 2018 |url=https://www.gov.si/assets/ministrstva/MIZS/Dokumenti/Direktorat-za-sport/BLOUDEK/Bloudek_nagrajenci_2018.pdf |access-date=December 17, 2020 |language=sl |format=PDF|website=gov.si}}&lt;/ref&gt;
| death_date       = &lt;!-- if applicable use {{death date and age|yyyy|mm|dd|yyyy|mm|dd}} --&gt;
| death_place      = 
| residence        =
| education        =
| occupation       = Professional [[rock climber]]
| height           = 1.64 m&lt;ref name="IFSC profile"/&gt;
| weight           =
| typeofclimber    = [[Sport climbing]], [[bouldering]]
| highestgrade     = 
| highestredpoint  = {{Climbing grade|9a}}
| highestonsight   = {{Climbing grade|8b}}
| highestboulder   = 
| knownfor         = Being the only climber in history to sweep a [[Bouldering World Cup]] season, and to win [[List of best IFSC results|14 World titles]] (8 World Cup discipline titles and 6 World Championships).
| firstascents     = 
| namedroutes      = 
| majorascents     = 
| website          = [https://janja-garnbret.com/ janja-garnbret.com]
| updated          = April 17, 2021
|medaltemplates    = {{MedalCount
| [[IFSC Climbing World Championships|World Championship]] | 6 | 1 | 0
| [[IFSC Climbing European Championships|European Championships]] | 1 | 2 | 0
| [[World Games]] | 0 | 1 | 0
}}
{{Medal|Competition|[[IFSC Climbing World Championships|World Championships]]}}
{{Medal|Gold  |2016|Lead}}
{{Medal|Gold  |2018|Bouldering}}
{{Medal|Gold  |2018|Combined}}
{{Medal|Gold  |2019|Lead}}
{{Medal|Gold  |2019|Bouldering}}
{{Medal|Gold  |2019|Combined}}
{{Medal|Silver|2018|Lead}}
{{Medal|Competition|[[IFSC Climbing European Championships|European Championships]]}}
{{Medal|Gold  |2017|Combined}}
{{Medal|Silver|2015|Lead}}
{{Medal|Silver|2017|Bouldering}}
{{Medal|Competition|[[World Games]]}}
{{Medal|Silver|[[Sport climbing at the 2017 World Games|2017]]|[[Sport climbing at the 2017 World Games – Women's lead|Lead]]}}
|show-medals = yes
}}

'''Janja Garnbret''' (born March 12, 1999) is a Slovenian [[rock climbing|rock climber]] and [[sport climber]] who has won multiple [[lead climbing]] and [[bouldering]] events. She is considered the world's best female competitive climber.&lt;ref&gt;{{cite web |last1=Jiwani |first1=Rory |title=Janja Garnbret: "When I am on the wall nothing else matters." |url=https://olympics.com/en/featured-news/janja-garnbret-sport-climbing-slovenia-superstar |website=olympics.com |access-date=July 23, 2021 |date=August 12, 2019}}&lt;/ref&gt;&lt;ref&gt;{{Cite web|date=May 4, 2021|title=Why is Janja Garnbret the best competition climber ever|url=https://5cclimbers.com/janja-garnbret-best-competition-climber-ever/|access-date=May 31, 2021|website=5c Climbers|language=en-US}}&lt;/ref&gt;&lt;ref&gt;{{cite web |last1=Burgman |first1=John |title=What If Janja Garnbret Loses At the Olympics? Unthinkable? Let’s Think About It. |url=https://www.climbing.com/competition/olympics/what-if-janja-garnbret-loses-at-the-olympics-unthinkable-lets-think-about-it/ |website=Climbing Magazine |access-date=July 24, 2021 |date=July 7, 2021}}&lt;/ref&gt;

Garnbret won her first international title in the lead competition at the 2014 [[IFSC Climbing World Youth Championships|World Youth B Championships]]. In July 2015, just after turning 16, she started competing in the senior category of the [[Lead Climbing World Cup]]. Since then, she participated in 34 Lead Climbing World Cup events, missing the podium in only four of them.&lt;ref name="IFSC profile"/&gt; 

In 2016, aged 17, Garnbret won the seasonal titles of the [[IFSC Climbing World Cup]] in lead and combined, [[IFSC Climbing World Championships|World Championships]] in lead climbing, and [[IFSC Climbing World Youth Championships|World Youth A Championships]] in both lead climbing and bouldering. From 2016 to 2018, she was awarded the seasonal title in both lead climbing and combined disciplines. In both 2018 and 2019, she won the World Championships in bouldering and combined, and also reclaimed the lead title in 2019. The same year, Garnbret became the first athlete to win all bouldering World Cup events in a season. Throughout six events, she placed first in six qualifications,&lt;ref name="Qual BWC2019" /&gt; four semifinals,&lt;ref name="Semi BWC2019" /&gt; and six finals,&lt;ref name="Finals BWC2019" /&gt; topping 74 out of 78 boulder problems overall.

== Early life ==
Janja Garnbret began climbing at the age of seven. She competed for the first time at a national competition, when she was eight. Her first major competition was the 2013 European Youth Championships in bouldering, which she won.&lt;ref&gt;{{Cite web|url=https://www.klettern.de/community/leute/janja-garnbret-interview.2032248.5.htm|title=Janja Garnbret Interview|website=klettern|language=de|access-date=June 14, 2019}}&lt;/ref&gt;

== Competitions ==
In 2015, her first year of eligibility for the [[IFSC Climbing World Cup]], she placed seventh in the overall lead climbing standings.&lt;ref&gt;{{cite web |title=IFSC Climbing Worldcup 2015: W O M E N lead |url=http://www.ifsc-climbing.org/index.php/world-competition#!type=ranking&amp;cat=ICC_F&amp;cup=15_WC}}&lt;/ref&gt;&lt;ref&gt;{{citation|url=http://www.rockandice.com/climbing-news/janja-garnbret-dominates-lead-world-cup-again|magazine=[[Rock &amp; Ice]]|title=Janja Garnbret Dominates Lead World Cup, Again|first=Emma|last=Murray|date=July 25, 2016}}&lt;/ref&gt; The same year, she also placed first in a notable Swedish bouldering event, the "La Sportiva Legends Only", ahead of [[Shauna Coxsey]], [[Mélissa Le Nevé]], [[:de:Juliane Wurm|Juliane Wurm]], and [[Anna Stöhr]].&lt;ref&gt;{{citation|url=http://www.rockandice.com/climbing-news/janja-garnbret-dominates-la-sportiva-legends-only|title=Janja Garnbret Dominates La Sportiva Legends Only|first=Chris|last=Ketchum|date=November 30, 2015|magazine=[[Rock &amp; Ice]]}}.&lt;/ref&gt; She also won the bouldering gathering [[Melloblocco]] in 2015.&lt;ref&gt;{{cite web|url=https://www.melloblocco.it/en/news/melloblocco-2015-the-year-of-the-women/|title=MELLOBLOCCO 2015 – The year of the women}}&lt;/ref&gt;

In 2016, she won most of the IFSC competitions in which she participated. She won the World Cup in lead and combined disciplines, the World Championships in lead, and the World Youth Championships in lead and bouldering.&lt;ref&gt;[http://www.ifsc-climbing.org/index.php/component/ifsc/?view=athlete&amp;id=11989 Athlete profile], [[International Federation of Sport Climbing]], retrieved August 1, 2016.&lt;/ref&gt; Garnbret also won the Adidas Rockstars 2016 contest (an invitational contest for the world's best bouldering athletes), defeating [[Jessica Pilz]] in the superfinal.&lt;ref&gt;[http://www.adidas-rockstars.com/fileadmin/user_upload/Results/2016/Results/adidasRockstars_FullResult_Women.pdf Adidas ROCKSTARS 2016], retrieved October 19, 2017.&lt;/ref&gt; She also won [[Rock Master]] in 2016, and then again in 2018.&lt;ref&gt;{{Cite web|url=https://www.rockmasterfestival.com/2019/en/rock-master/rock-master-hall-of-fame/|title=Rock Master Hall of Fame – Rock Master Festival 2019|language=en-US|access-date=September 4, 2019}}&lt;/ref&gt;

In 2017, she won the World Cup in lead and combined disciplines, the combined title in the European Championships, and ranked second in bouldering in the World Cup and the European Championships.

In 2018, she defended her World Cup titles in lead and combined disciplines, and placed fourth in bouldering by winning two golds and one silver, after participating in just 3 out of 7 events (due to school commitments). Moreover, she won the World Championships in both bouldering and combined. She was close to also winning the Lead Climbing World Championships, where she earned the silver medal by topping the final route in 4 minutes and 38 seconds, just 11 seconds slower than Jessica Pilz, who won the Championship.

In 2019, she dominated the bouldering World Cup by solving 74 problems out of 78 and winning every event throughout the season (6 events out of 6).&lt;ref name=BWC2019 /&gt; This feat had never been achieved before in the history of competition climbing. Anna Stöhr was almost able to do the same in 2013, when she won seven bouldering World Cup events out of eight. The same year, Garnbret won three out of four disciplines at the [[2019 IFSC Climbing World Championships]], taking gold in lead, bouldering, and combined.&lt;ref&gt;{{cite web |author1=S. J. |author2=R. K. |title=Zgodovinski zlati trojček superšampionke Janje |url=https://www.rtvslo.si/sport/preostali-sporti/zgodovinski-zlati-trojcek-supersampionke-janje/497363 |publisher=[[RTV Slovenija]] |access-date=January 31, 2020 |language=sl |date=August 20, 2019}}&lt;/ref&gt; Her win in the combined event qualified her for a spot at the [[2020 Summer Olympics]].&lt;ref&gt;{{cite web |last1=Nagatsuka |first1=Kaz |title=Sport climbers Janja Garnbret, Akiyo Noguchi achieve dream by qualifying for 2020 Olympics |url=https://www.japantimes.co.jp/sports/2019/08/20/more-sports/sport-climbers-janja-garnbret-akiyo-noguchi-achieve-dream-qualifying-2020-olympics/ |website=[[The Japan Times]]|date=August 20, 2019|access-date=July 19, 2021}}&lt;/ref&gt;

In 2021, she began the [[2021 IFSC Climbing World Cup]] season with a win in bouldering at [[Meiringen]] in April before finishing second in [[Salt Lake City]], ending her streak of bouldering World Cup wins at nine.&lt;ref&gt;{{cite news |last1=Berry |first1=Natalie |title=IFSC Boulder and Speed World Cup Salt Lake City 2021 (Round 2): Report|url=https://www.ukclimbing.com/news/2021/05/ifsc_boulder_and_speed_world_cup_salt_lake_city_2021_round_2_report-72789 |access-date=1 June 2021 |work=UKC |date=31 May 2021}}&lt;/ref&gt;

[[File:European championship climbing combined 2017 women 9463.jpg|thumb|Garnbret as the 2017 European champion in combined discipline]]
[[File:Janja Garnbret SLO 9690.jpg|thumb|Janja Garnbret climbing at the [[2017 IFSC Climbing World Cup]] in Munich, Germany]]

== Rock climbing ==
In addition to her competition climbing career, Janja Garnbret is also an accomplished outdoor climber, completing the ascents of various extremely difficult routes.

In 2015 she on-sighted the route ''Avatar'', an {{Climbing grade|8b}} route in Pandora, Croatia.&lt;ref&gt;{{Cite news|url=http://www.planetmountain.com/en/news/climbing/janja-garnbret-climbs-8b-onsight-in-croatia.html|title=Janja Garnbret climbs 8b onsight in Croatia|work=PlanetMountain.com|access-date=October 9, 2018|language=en}}&lt;/ref&gt; The same year she successfully climbed her first {{Climbing grade|8c+}}, ''Miza za šest'' at Kotečnik in her home country of Slovenia.&lt;ref&gt;http://www.planetmountain.com/en/news/climbing/janja-garnbret-climbs-8c-at-kotecnik-in-slovenia.html&gt;&lt;/ref&gt; The next year she flashed ''La Fabelita'' at [[Santa Linya]] in Spain, an {{Climbing grade|8c}} sports climbing route. She was given advice by her countrywoman [[Mina Markovič]] and climbed the route in less than 15 minutes.&lt;ref&gt;{{Cite news|url=http://www.planetmountain.com/en/news/climbing/janja-garnbret-flashes-second-8c-at-santa-linya.html|title=Janja Garnbret flashes second 8c at Santa Linya|work=PlanetMountain.com|access-date=October 9, 2018|language=en}}&lt;/ref&gt;
In 2017 she went one step further and clipped the anchor of her first {{Climbing grade|9a}}, ''Seleccio Natural'', again at Santa Linya.&lt;ref&gt;{{Cite news|url=http://www.planetmountain.com/en/news/climbing/janja-garnbret-climbs-her-first-9a-at-santa-linya-in-spain.html|title=Janja Garnbret climbs her first 9a at Santa Linya in Spain|work=PlanetMountain.com|access-date=October 8, 2018|language=en}}&lt;/ref&gt; Just a few days later she climbed her second 9a route, ''La Fabela pa la Enmienda'', also at Santa Linya.&lt;ref&gt;{{Cite news|url=https://www.planetmountain.com/en/news/climbing/santa-linya-sends-by-janja-garnbret-and-jakob-schubert.html|title=Santa Linya sends by Janja Garnbret and Jakob Schubert|work=PlanetMountain.com|access-date=October 16, 2018|language=en}}&lt;/ref&gt;

== Rankings ==
{{See also|Best IFSC results|Janja Garnbret in the Climbing World Cup}}

=== Climbing World Cup ===
&lt;ref name="IFSC Worldcups" /&gt;
{| class="wikitable" style="text-align: center;"
! style="background: #b0e0e6;" | Discipline
! style="background: #b0e0e6;" | 2015
! style="background: #b0e0e6;" | 2016
! style="background: #b0e0e6;" | 2017
! style="background: #b0e0e6;" | 2018
! style="background: #b0e0e6;" | 2019
|-
| align="left" | Lead
| 7
| style="background: Gold;" | 1
| style="background: Gold;" | 1
| style="background: Gold;" | 1
| style="background: Silver;" | 2
|-
| align="left" | Bouldering
| —
| 17
| style="background: Silver;" | 2
| 4
| style="background: Gold;" | 1
|-
| align="left" | Speed
| —
| —
| —
| 58
| 48
|-
| align="left" | Combined
| —
| style="background: Gold;" | 1
| style="background: Gold;" | 1
| style="background: Gold;" | 1
| style="background: Gold;" | 1
|}

=== Climbing World Championships ===
'''Youth'''&lt;ref name="IFSC profile" /&gt;
{| class="wikitable" style="text-align: center;"
! style="background: #b0e0e6;" | Discipline
! style="background: #b0e0e6;" | 2013&lt;br&gt;Youth B
! style="background: #b0e0e6;" | 2014&lt;br&gt;Youth B
! style="background: #b0e0e6;" | 2015&lt;br&gt;Youth A
! style="background: #b0e0e6;" | 2016&lt;br&gt;Youth A
|-
| align="left" | Lead
| 4
| style="background: Gold;" | 1
| style="background: Gold;" | 1
| style="background: Gold;" | 1
|-
| align="left" | Bouldering
| —
| —
| style="background: Gold;" | 1
| style="background: Gold;" | 1
|-
| align="left" | Speed
| —
| —
| 23
| 28
|-
| align="left" | Combined
| —
| —
| style="background: Silver;" | 2&lt;ref&gt;[http://egw.ifsc-climbing.org/Editors/2015/R15_JWM_A.pdf Combined results WYCH 2015]&lt;/ref&gt;
| style="background: Silver;" | 2&lt;ref&gt;[http://egw.ifsc-climbing.org/Editors/2016/R16_JWM_G.pdf Combined results WYCH 2016]&lt;/ref&gt;
|}

'''Senior'''&lt;ref name="IFSC profile" /&gt;
{| class="wikitable" style="text-align: center;"
! style="background: #b0e0e6;" | Discipline
! style="background: #b0e0e6;" | [[2016 IFSC Climbing World Championships|2016]]
! style="background: #b0e0e6;" | [[2018 IFSC Climbing World Championships|2018]]
! style="background: #b0e0e6;" | [[2019 IFSC Climbing World Championships|2019]]
|-
| align="left" | Lead
| style="background: Gold;" | 1
| style="background: Silver;" | 2
| style="background: Gold;" | 1
|-
| align="left" | Bouldering
| —
| style="background: Gold;" | 1
| style="background: Gold;" | 1
|-
| align="left" | Speed
| —
| 47
| 23
|-
| align="left" | Combined
| —
| style="background: Gold;" | 1
| style="background: Gold;" | 1
|}

=== Climbing European Championships ===
'''Youth'''&lt;ref name="IFSC profile" /&gt;
{| class="wikitable" style="text-align: center;"
! style="background: #b0e0e6;" | Discipline
! style="background: #b0e0e6;" | 2013&lt;br&gt;Youth B
! style="background: #b0e0e6;" | 2014&lt;br&gt;Youth B
! style="background: #b0e0e6;" | 2015&lt;br&gt;Youth A
|-
| align="left" | Lead
| style="background: Gold;" | 1
| style="background: Gold;" | 1
| style="background: Gold;" | 1
|-
| align="left" | Bouldering
| style="background: Gold;" | 1
| style="background: Gold;" | 1
| style="background: Gold;" | 1
|}

'''Senior'''&lt;ref name="IFSC profile" /&gt;
{| class="wikitable" style="text-align: center;"
! style="background: #b0e0e6;" | Discipline
! style="background: #b0e0e6;" | 2015
! style="background: #b0e0e6;" | 2017
|-
| align="left" | Lead
| style="background: Silver;" | 2
| 4
|-
| align="left" | Bouldering
| —
| style="background: Silver;" | 2
|-
| align="left" | Speed
| —
| 32
|-
| align="left" | Combined
| —
| style="background: Gold;" | 1
|}

== World Cup podiums ==
As of July 3, 2021, Garnbret has won 30 World Cup events and has a total of 47 podium finishes.&lt;ref name="IFSC profile"/&gt;

=== Lead ===
{| class="wikitable" style="text-align:center"
|-
! width = "55" | Season
! width = "55" style = "background: Gold;" | First
! width = "55" style = "background: Silver;" | Second
! width = "55" style = "background: #A77044;" | Third
! width = "55" | Total
|-
| 2015 ||   || 2 || 1 || 3
|-
| 2016 || 4 ||   || 2 || 6
|-
| 2017 || 6 ||   || 2 || 8
|-
| 2018 || 4 || 3 ||   || 7
|-
| 2019 || 1 || 2 ||  || 3
|-
| 2020 ||   || 1 ||  || 1
|-
| 2021 || 2 ||   ||  || 2
|-
| '''Total''' || '''17''' ||'''8'''||'''5''' ||'''30'''
|}

=== Bouldering ===
{| class="wikitable" style="text-align:center"
|-
! width = "55" | Season
! width = "55" style = "background: Gold;" | First
! width = "55" style = "background: Silver;" | Second
! width = "55" style = "background: #A77044;" | Third
! width = "55" | Total
|-
| 2016 ||   || 1 ||  || 1
|-
| 2017 || 3 || 1 ||  || 4
|-
| 2018 || 2 || 1 ||  || 3
|-
| 2019 || 6 ||  ||  || 6
|-
| 2021 || 2 || 1 ||  || 3
|-
| '''Total''' ||'''13'''||'''4''' || '''0''' || '''17'''
|}

== See also ==
*[[Janja Garnbret in the Climbing World Cup]]

==References==
{{Reflist|refs=
&lt;ref name="IFSC Worldcups"&gt;{{cite web|url=https://www.ifsc-climbing.org/index.php/world-competition/ranking|title=World Cup Rankings|editor=IFSC|editor-link=International Federation of Sport Climbing|access-date=August 20, 2019}}&lt;/ref&gt;
&lt;ref name="IFSC profile"&gt;{{cite web|url=https://www.ifsc-climbing.org/index.php?option=com_ifsc&amp;task=athlete.display&amp;id=1147|title=Garnbret's profile and rankings|editor=IFSC|editor-link=International Federation of Sport Climbing|access-date=April 17, 2021}}&lt;/ref&gt;
&lt;ref name=BWC2019&gt;{{cite web|url=https://www.ifsc-climbing.org/index.php?option=com_ifsc&amp;view=dr&amp;layout=calendar&amp;Itemid=102#!type=ranking&amp;cat=ICC_FB&amp;cup=19_WC&amp;detail=1|title=2019 Bouldering World Cup – Full results|editor=IFSC|editor-link=International Federation of Sport Climbing|date=June 7, 2019|access-date=June 22, 2019}}&lt;/ref&gt;

&lt;ref name="Qual BWC2019"&gt;Qualifications in the 2019 Bouldering World Cup: 
* {{cite web|url=https://www.ifsc-climbing.org/index.php?option=com_ifsc&amp;view=dr&amp;layout=calendar&amp;Itemid=102#!comp=7923&amp;cat=5&amp;route=1|title=Meiringen|date=April 6, 2019|access-date=June 22, 2019}}
* {{cite web|url=https://www.ifsc-climbing.org/index.php?option=com_ifsc&amp;view=dr&amp;layout=calendar&amp;Itemid=102#!comp=7926&amp;cat=5&amp;route=0|title=Moscow|date=April 14, 2019|access-date=June 22, 2019}}
* {{cite web|url=https://www.ifsc-climbing.org/index.php?option=com_ifsc&amp;view=dr&amp;layout=calendar&amp;Itemid=102#!comp=7929&amp;cat=5&amp;route=1|title=Chongquing|date=April 28, 2019|access-date=June 22, 2019}}
* {{cite web|url=https://www.ifsc-climbing.org/index.php?option=com_ifsc&amp;view=dr&amp;layout=calendar&amp;Itemid=102#!comp=7959&amp;cat=5&amp;route=1|title=Wujiang|date=May 5, 2019|access-date=June 22, 2019}}
* {{cite web|url=https://www.ifsc-climbing.org/index.php?option=com_ifsc&amp;view=dr&amp;layout=calendar&amp;Itemid=102#!comp=7932&amp;cat=5&amp;route=0|title=Munich|date=May 19, 2019|access-date=June 22, 2019}}
* {{cite web|url=https://www.ifsc-climbing.org/index.php?option=com_ifsc&amp;view=dr&amp;layout=calendar&amp;Itemid=102#!comp=7935&amp;cat=5&amp;route=0|title=Vail|date=June 8, 2019|access-date=June 22, 2019}}&lt;/ref&gt;

&lt;ref name="Semi BWC2019"&gt;Semifinals in the 2019 Bouldering World Cup: 
* {{cite web|url=https://www.ifsc-climbing.org/index.php?option=com_ifsc&amp;view=dr&amp;layout=calendar&amp;Itemid=102#!comp=7923&amp;cat=5&amp;route=2|title=Meiringen|date=April 6, 2019|access-date=June 22, 2019}}
* {{cite web|url=https://www.ifsc-climbing.org/index.php?option=com_ifsc&amp;view=dr&amp;layout=calendar&amp;Itemid=102#!comp=7926&amp;cat=5&amp;route=2|title=Moscow|date=April 14, 2019|access-date=June 22, 2019}}
* {{cite web|url=https://www.ifsc-climbing.org/index.php?option=com_ifsc&amp;view=dr&amp;layout=calendar&amp;Itemid=102#!comp=7929&amp;cat=5&amp;route=2|title=Chongquing|date=April 28, 2019|access-date=June 22, 2019}}
* {{cite web|url=https://www.ifsc-climbing.org/index.php?option=com_ifsc&amp;view=dr&amp;layout=calendar&amp;Itemid=102#!comp=7959&amp;cat=5&amp;route=2|title=Wujiang|date=May 5, 2019|access-date=June 22, 2019}}
* {{cite web|url=https://www.ifsc-climbing.org/index.php?option=com_ifsc&amp;view=dr&amp;layout=calendar&amp;Itemid=102#!comp=7932&amp;cat=5&amp;route=2|title=Munich|date=May 19, 2019|access-date=June 22, 2019}}
* {{cite web|url=https://www.ifsc-climbing.org/index.php?option=com_ifsc&amp;view=dr&amp;layout=calendar&amp;Itemid=102#!comp=7935&amp;cat=5&amp;route=2|title=Vail|date=June 8, 2019|access-date=June 22, 2019}}&lt;/ref&gt;

&lt;ref name="Finals BWC2019"&gt;Finals in the 2019 Bouldering World Cup: 
* {{cite web|url=https://www.ifsc-climbing.org/index.php?option=com_ifsc&amp;view=dr&amp;layout=calendar&amp;Itemid=102#!comp=7923&amp;cat=5&amp;route=3|title=Meiringen|date=April 6, 2019|access-date=June 22, 2019}}
* {{cite web|url=https://www.ifsc-climbing.org/index.php?option=com_ifsc&amp;view=dr&amp;layout=calendar&amp;Itemid=102#!comp=7926&amp;cat=5&amp;route=3|title=Moscow|date=April 14, 2019|access-date=June 22, 2019}}
* {{cite web|url=https://www.ifsc-climbing.org/index.php?option=com_ifsc&amp;view=dr&amp;layout=calendar&amp;Itemid=102#!comp=7929&amp;cat=5&amp;route=3|title=Chongquing|date=April 28, 2019|access-date=June 22, 2019}}
* {{cite web|url=https://www.ifsc-climbing.org/index.php?option=com_ifsc&amp;view=dr&amp;layout=calendar&amp;Itemid=102#!comp=7959&amp;cat=5&amp;route=3|title=Wujiang|date=May 5, 2019|access-date=June 22, 2019}}
* {{cite web|url=https://www.ifsc-climbing.org/index.php?option=com_ifsc&amp;view=dr&amp;layout=calendar&amp;Itemid=102#!comp=7932&amp;cat=5&amp;route=3|title=Munich|date=May 19, 2019|access-date=June 22, 2019}}
* {{cite web|url=https://www.ifsc-climbing.org/index.php?option=com_ifsc&amp;view=dr&amp;layout=calendar&amp;Itemid=102#!comp=7935&amp;cat=5&amp;route=3|title=Vail|date=June 8, 2019|access-date=June 22, 2019}}&lt;/ref&gt;
}}

== External links ==
{{Commons category}}
*[https://janja-garnbret.com/ Official website]
*[https://www.ifsc-climbing.org/index.php?option=com_ifsc&amp;task=athlete.display&amp;id=1147 IFSC profile]
*[https://www.thecrag.com/climber/janjagarnbret theCrag profile]

{{Slovenian Sportswoman of the Year}}
{{Portal bar|Climbing}}
{{Authority control}}

{{DEFAULTSORT:Garnbret, Janja}}
[[Category:1999 births]]
[[Category:Living people]]
[[Category:Sportspeople from Slovenj Gradec]]
[[Category:Female climbers]]
[[Category:Slovenian rock climbers]]
[[Category:Sport climbers]]
[[Category:World Games silver medalists]]
[[Category:Competitors at the 2017 World Games]]</text>
      <sha1>g914ddb1u4cn2o8hh8obislnmheku6h</sha1>
    </revision>
  </page>
</mediawiki>
