<mediawiki xmlns="http://www.mediawiki.org/xml/export-0.10/" xmlns:xsi="http://www.w3.org/2001/XMLSchema-instance" xsi:schemaLocation="http://www.mediawiki.org/xml/export-0.10/ http://www.mediawiki.org/xml/export-0.10.xsd" version="0.10" xml:lang="en">
  <siteinfo>
    <sitename>Wikipedia</sitename>
    <dbname>enwiki</dbname>
    <base>https://en.wikipedia.org/wiki/Main_Page</base>
    <generator>MediaWiki 1.37.0-wmf.15</generator>
    <case>first-letter</case>
    <namespaces>
      <namespace key="-2" case="first-letter">Media</namespace>
      <namespace key="-1" case="first-letter">Special</namespace>
      <namespace key="0" case="first-letter" />
      <namespace key="1" case="first-letter">Talk</namespace>
      <namespace key="2" case="first-letter">User</namespace>
      <namespace key="3" case="first-letter">User talk</namespace>
      <namespace key="4" case="first-letter">Wikipedia</namespace>
      <namespace key="5" case="first-letter">Wikipedia talk</namespace>
      <namespace key="6" case="first-letter">File</namespace>
      <namespace key="7" case="first-letter">File talk</namespace>
      <namespace key="8" case="first-letter">MediaWiki</namespace>
      <namespace key="9" case="first-letter">MediaWiki talk</namespace>
      <namespace key="10" case="first-letter">Template</namespace>
      <namespace key="11" case="first-letter">Template talk</namespace>
      <namespace key="12" case="first-letter">Help</namespace>
      <namespace key="13" case="first-letter">Help talk</namespace>
      <namespace key="14" case="first-letter">Category</namespace>
      <namespace key="15" case="first-letter">Category talk</namespace>
      <namespace key="100" case="first-letter">Portal</namespace>
      <namespace key="101" case="first-letter">Portal talk</namespace>
      <namespace key="118" case="first-letter">Draft</namespace>
      <namespace key="119" case="first-letter">Draft talk</namespace>
      <namespace key="710" case="first-letter">TimedText</namespace>
      <namespace key="711" case="first-letter">TimedText talk</namespace>
      <namespace key="828" case="first-letter">Module</namespace>
      <namespace key="829" case="first-letter">Module talk</namespace>
      <namespace key="2300" case="first-letter">Gadget</namespace>
      <namespace key="2301" case="first-letter">Gadget talk</namespace>
      <namespace key="2302" case="case-sensitive">Gadget definition</namespace>
      <namespace key="2303" case="case-sensitive">Gadget definition talk</namespace>
    </namespaces>
  </siteinfo>
  <page>
    <title>Sandra Oh</title>
    <ns>0</ns>
    <id>363002</id>
    <revision>
      <id>1034654963</id>
      <parentid>1033684504</parentid>
      <timestamp>2021-07-21T03:51:12Z</timestamp>
      <contributor>
        <username>Therequiembellishere</username>
        <id>1522828</id>
      </contributor>
      <model>wikitext</model>
      <format>text/x-wiki</format>
      <text bytes="40779" xml:space="preserve">{{short description|Canadian actress}}
{{Use Canadian English|date=February 2020}}
{{Use mdy dates|date=August 2019}}
{{Infobox person
| name         = Sandra Oh
| image        = File:Sano.jpg
| caption      = Oh in 2016
| birth_date   = {{Birth date and age|1971|7|20}}
| birth_place  = [[Nepean, Ontario]], Canada
| citizenship  = {{hlist|Canadian|American}}
| years_active = 1989–present
| education    = [[National Theatre School of Canada|National Theatre School]]
| occupation   = Actress
| spouse       = {{marriage|[[Alexander Payne]]|2003|2006|end=divorced}}
| awards       = [[List of awards and nominations received by Sandra Oh|Full list]]
| module = {{infobox Korean name
|child=yes
|hangul=오미주&lt;ref&gt;http://overseas.mofa.go.kr/ca-ko/brd/m_5349/view.do?seq=1158080&amp;srchFr=&amp;srchTo=&amp;srchWord=&amp;srchTp=&amp;multi_itm_seq=0&amp;itm_seq_1=0&amp;itm_seq_2=0&amp;company_cd=&amp;company_nm=&amp;page=15&lt;/ref&gt;
|rr=O Miju
|mr=O Michu
}}
}}

'''Sandra Miju Oh''' (born July 20, 1971) is a Canadian-American actress. She is best known for her starring roles as [[Cristina Yang]] on the [[American Broadcasting Company|ABC]] medical drama series ''[[Grey's Anatomy]]'' (2005–2014) and [[Eve Polastri]] in the spy thriller series ''[[Killing Eve]]'' (2018–present). She has received [[List of awards and nominations received by Sandra Oh|numerous accolades]], including two [[Golden Globe Awards]] and four [[Screen Actors Guild Awards]], and twelve [[Primetime Emmy Award]] nominations.

Oh first gained recognition for her roles in the Asian-Canadian films ''[[Double Happiness (film)|Double Happiness]]'' (1994) and ''[[The Diary of Evelyn Lau]]'' (1994). On television, she was noted for her role as Rita Wu on the [[HBO]] sitcom ''[[Arliss (TV series)|Arliss]]'' (1996–2002). Her later television credits include ''[[Judging Amy]]'' and ''[[American Crime (TV series)|American Crime]]'', as well as voice roles on ''[[American Dad!]], [[American Dragon: Jake Long]]'', ''[[The Proud Family]]'', ''[[Phineas and Ferb]]'', ''[[She-Ra and the Princesses of Power]]'', and ''[[Invincible (TV series)|Invincible]]''.

Oh is known for her standout supporting and leading performances in films such as ''[[Bean (film)|Bean]]'' (1997), ''[[Last Night (1998 film)|Last Night]]'' (1998), ''[[The Princess Diaries (film)|The Princess Diaries]]'' (2001), ''[[Long Life, Happiness &amp; Prosperity]]'' (2002), ''[[Under the Tuscan Sun (film)|Under the Tuscan Sun]]'' (2003), ''[[Sideways]]'' (2004), ''[[Wilby Wonderful]]'' (2004), ''[[Hard Candy (film)|Hard Candy]]'' (2005),  ''[[Rabbit Hole (2010 film)|Rabbit Hole]]'' (2010), ''[[Tammy (film)|Tammy]]'' (2014), ''[[Catfight (film)|Catfight]]'' (2016), and ''[[Meditation Park]]'' (2017), as well as voice roles in ''[[Mulan II]]'' (2004), [[Over the Moon (2020 film)|''Over the Moon'']] (2020) and ''[[Raya and the Last Dragon]]'' (2021).

Oh won two [[Genie Award for Best Performance by an Actress in a Leading Role|Genie Awards for Best Performance by an Actress in a Leading Role]] for ''Last Night'' and ''Double Happiness'' and won a [[Gemini Award|Gemini Award for Best Performance by an Actress in a Leading Role in a Dramatic Program or Mini-Series]] for ''The Diary of Evelyn Lau''.

Oh hosted the [[28th Genie Awards]] in 2008, and became the first Asian woman to host the [[Golden Globe Awards]] at the [[76th Golden Globe Awards|76th ceremony in 2019]].&lt;ref&gt;{{Cite web |url=http://www.newindianexpress.com/entertainment/english/2019/jan/07/sandra-oh-first-asian-woman-to-host-win-at-golden-globes-1921710.html |title=Sandra Oh first Asian woman to host, win at Golden Globes |website=The New Indian Express |access-date=2019-02-14}}&lt;/ref&gt; In March 2019, she became the first Asian-Canadian woman to host ''[[Saturday Night Live]]'', and was just the third actress of Asian descent to do so, after [[Lucy Liu]] in 2000 and [[Awkwafina]] in 2018.&lt;ref name="SNLAsianNY"&gt;{{cite web |url=https://www.upi.com/Sandra-Oh-to-guest-host-SNL-Awkwafina-celebrates/4891552224250/ |title=Sandra Oh to guest host 'SNL'; Awkwafina celebrates |first=Karen |last=Butler |work=[[UPI]] |date=March 10, 2019 |access-date=March 31, 2019}}&lt;/ref&gt; She was also the first actress of Asian descent to be nominated for the [[Primetime Emmy Award for Outstanding Lead Actress in a Drama Series]] and the first Asian woman to win two Golden Globes.&lt;ref name="goldenglobes.com"&gt;{{cite web |url=https://www.goldenglobes.com/person/sandra-oh |title=Sandra Oh |website=www.goldenglobes.com}}&lt;/ref&gt; In 2019, ''[[Time (magazine)|Time]]'' magazine named Oh one of the [[Time 100|100 most influential people in the world]].&lt;ref&gt;{{Cite web |url=http://time.com/collection/100-most-influential-people-2019/5567697/sandra-oh/ |title=Sandra Oh: The 100 Most Influential People of 2019 |website=TIME |author-link=Shonda Rhimes |last=Rhimes |first=Shonda |access-date=2019-04-17}}&lt;/ref&gt; In addition to her Canadian citizenship, Oh has been a [[naturalized]] American citizen since 2018.

==Early life==
Sandra Miju Oh&lt;ref name="posner"&gt;{{cite news |last=Posner |first=Michael |title=Sandra Oh's Doing Just Fine: Profile |pages=R6–R7 |work=[[The Globe and Mail]] |date=May 12, 2007 |url=https://www.theglobeandmail.com/servlet/story/RTGAM.20070512.wxoh12/BNStory/Entertainment |access-date=May 30, 2007 |url-status=dead |archive-url=https://web.archive.org/web/20140605115721/https://www.theglobeandmail.com/arts/sandra-ohs-doing-just-fine/article962237/?page=all |archive-date=June 5, 2014}}&lt;/ref&gt; was born in [[Nepean, Ontario]], on July 20, 1971, the daughter of middle-class South Korean immigrants Jeon Young-nam, a biochemist, and Oh Jun-su (John), a businessman.&lt;ref name="filmreference"&gt;{{cite web |title=Sandra Oh Biography |work=Film Reference |url=http://www.filmreference.com/film/44/Sandra-Oh.html |access-date=May 31, 2007}}&lt;/ref&gt; Her parents had moved to the area in the early 1960s.&lt;ref name="NPR"&gt;{{cite web |title=The Winding Career of Sandra Oh |work=NPR |date=November 23, 2004 |url=https://www.npr.org/templates/story/story.php?storyId=4183846 |access-date=May 31, 2007}}&lt;/ref&gt; She has a brother, Ray, and a sister, Grace, and grew up in a Christian household, living on Camwood Crescent in Nepean, where she began acting and practicing ballet at age four to correct her [[Pigeon toe|pigeon-toed stance]].&lt;ref name="Chosun"&gt;{{cite news |title=Sandra Oh on the Challenge of Being Korean in Hollywood |work=The Chosun Ilbo |date=April 13, 2007 |url=http://english.chosun.com/site/data/html_dir/2007/04/13/2007041361012.html |access-date=May 31, 2007 |archive-url=https://web.archive.org/web/20070519032008/http://english.chosun.com/w21data/html/news/200704/200704130012.html &lt;!-- Bot retrieved archive --&gt; |archive-date=May 19, 2007}}&lt;/ref&gt; Growing up, Oh was one of the few youths of Asian descent in Nepean.&lt;ref name="asiasociety"&gt;{{cite news |title=Sandra Oh: "Asians ROCK Month" |work=Asia Society |url=https://www.youtube.com/watch?v=FN9VEw-PsWM |date=April 30, 2008 |access-date=December 13, 2013}}&lt;/ref&gt;&lt;ref name="kellymichael"&gt;{{cite web |title=Sandra Oh Live On Kelly And Michael Talks About Leaving Greys Anatomy |work=[[Kelly and Michael]] |url=https://www.youtube.com/watch?v=prnjAf2EcOE |date=October 10, 2013 |access-date=December 13, 2013}}&lt;/ref&gt;

At age ten, Oh played The Wizard of Woe in a class musical called ''The Canada Goose''.&lt;ref&gt;{{cite book |title=The Canada Goose: a musical play in three acts from Canada is- music 3–4 (Musical score, 1988) |work=WorldCat.org |date=2018-05-15 |oclc = 83101677}}&lt;/ref&gt;&lt;ref name="posner" /&gt;&lt;ref name="ottawacommunity"&gt;{{cite web |last=Dodge |first=Brier |title=Sandra Oh receives key to the city |work=Ottawa Community News |url=http://www.ottawacommunitynews.com/news-story/3899214-sandra-oh-receives-key-to-the-city/ |date=July 18, 2013 |access-date=December 13, 2013 |archive-url=https://web.archive.org/web/20131213113532/http://www.ottawacommunitynews.com/news-story/3899214-sandra-oh-receives-key-to-the-city/ |archive-date=December 13, 2013}}&lt;/ref&gt; Later, at [[Sir Robert Borden High School]], she founded the environmental club BASE (Borden Active Students for the Environment), leading a campaign against the use of [[expanded polystyrene foam|styrofoam]] cups. While in high school, she was elected student council president. She also played the [[flute]] and continued both her ballet training and acting studies, though she knew that she "was not good enough to be a professional dancer"&lt;ref name="Chosun" /&gt; and eventually focused on acting. She took drama classes, acted in school plays, and joined the drama club, where she took part in the [[Canadian Improv Games]] and Skit Row High, a comedy group. Against her parents' advice, she rejected a four-year [[journalism]] scholarship to [[Carleton University]] to study drama at the [[National Theatre School of Canada]] in [[Montreal]], paying her own way.

Oh told her parents that she would try acting for a few years, and promised to return to university if it failed.&lt;ref name="posner"/&gt; Reflecting on forgoing university, she has said that she is "the only person in [her] family who doesn't have a [[Master's degree|master's]] in something".&lt;ref&gt;{{cite web |url=https://www.washingtonpost.com/news/morning-mix/wp/2014/05/16/seven-things-you-didnt-know-about-sandra-oh-who-played-cristina-yang-on-greys-anatomy/ |work=The Washington Post |title=Seven things you didn't know about Sandra Oh, who played Cristina Yang on 'Grey's Anatomy' |date=May 16, 2014 |last=McDonald |first=Soraya Nadia |access-date=April 17, 2016}}&lt;/ref&gt; Soon after graduating from the National Theatre School in 1993, she starred in a stage production of [[David Mamet]]'s ''[[Oleanna (play)|Oleanna]]'' in [[London, Ontario]]. Around the same time, she won roles in biographical television films of two significant female Chinese-Canadians: as Vancouver author [[Evelyn Lau]] in ''[[The Diary of Evelyn Lau]]'', where she won the role over more than 1,000 others who auditioned, and as [[Adrienne Clarkson]] in a [[Canadian Broadcasting Corporation|CBC]] biopic of Clarkson's life.

==Career==
===1994–2004: Early work===
Oh came to prominence in her home country for her lead performance in the Canadian film ''[[Double Happiness (film)|Double Happiness]]'' (1994), playing Jade Li, a twenty-something Chinese-Canadian woman negotiating her wishes and those of her parents. The film received critical acclaim, with [[Roger Ebert]] praising Oh's "warm performance".&lt;ref&gt;{{cite web |url=http://www.rogerebert.com/reviews/double-happiness-1995 |work=The Chicago Sun-Times |title=Double Happiness Movie Review |last=Ebert |first=Roger |date=August 25, 1995 |access-date=April 17, 2016}}&lt;/ref&gt; [[Janet Maslin]] of ''[[The New York Times]]'' also praised her performance, saying: "Ms. Oh's performance makes Jade a smart, spiky heroine you won't soon forget."&lt;ref&gt;{{cite news |url=https://www.nytimes.com/movie/review?res=990CE6DB103BF93BA15754C0A963958260&amp;partner=Rotten%2520Tomatoes |work=The New York Times |last=Maslin |first=Janet |date=July 28, 1995 |access-date=April 16, 2016 |title=FILM REVIEW; A Delicate Asian Flower In a Motorcycle Jacket |archive-url=https://web.archive.org/web/20180713044257/https://www.nytimes.com/1995/07/28/movies/film-review-a-delicate-asian-flower-in-a-motorcycle-jacket.html |archive-date=July 13, 2018}}&lt;/ref&gt; Oh won the [[Genie Award]] for [[Canadian Screen Award for Best Actress|Best Actress]] for the role.

In 1997 she appeared in the film ''[[Bean (film)|Bean]]'', playing the supporting role of Bernice, the art gallery PR manager. Her other Canadian films include ''[[Long Life, Happiness &amp; Prosperity]]'' and ''[[Last Night (1998 film)|Last Night]]'' (1998), for which she again won a Best Actress Genie. She was cast in the drama ''[[Dancing at the Blue Iguana]]'' (2000), playing a stripper at an adult dance club opposite [[Daryl Hannah]]. The film received mediocre reviews,&lt;ref&gt;{{cite web |url=http://www.rottentomatoes.com/m/dancing_at_the_blue_iguana/ |work=Rotten Tomatoes |title=Dancing at the Blue Iguana (2000) |access-date=April 1, 2016}}&lt;/ref&gt; though Oh was praised for her performance. ''The New York Times'' review said, "Oh make[s] the most of [her] opportunity to explore the vulnerability below [her] characters' hard-edged surface."&lt;ref&gt;{{cite news |url=https://www.nytimes.com/movie/review?res=9C03E6DF123EF93AA25753C1A9679C8B63&amp;partner=Rotten%2520Tomatoes |date=October 19, 2001 |access-date=April 15, 2016 |last=Holden |first=Stephen |title=FILM REVIEW; A Club Where Strippers May Also Be Dreamers |archive-url=https://web.archive.org/web/20180713044252/https://www.nytimes.com/2001/10/19/movies/film-review-a-club-where-strippers-may-also-be-dreamers.html |archive-date= July 13, 2018}}&lt;/ref&gt; The same year, she appeared in the drama ''[[Waking the Dead (film)|Waking the Dead]]''. In 2002, Oh appeared in the family comedy ''[[Big Fat Liar]]'', followed by a minor role in [[Steven Soderbergh]]'s ''[[Full Frontal (film)|Full Frontal]]'' (2002).

Oh garnered critical acclaim for her six seasons as Rita Wu, the assistant to the president of a major sports agency, on the [[HBO]] series ''Arliss'', receiving a nomination for an [[NAACP]] [[Image Award]] for Best Supporting Actress in a Comedy Series and a Cable Ace award for Best Actress in a Comedy for her work. She also made several guest appearances on the series ''[[Popular (TV series)|Popular]]'' (1999) playing a humanities teacher and guest starred in the [[television series]] ''[[Kung Fu: The Legend Continues]]'', ''[[Judging Amy]]'', ''[[Six Feet Under (TV series)|Six Feet Under]]'' and ''[[Odd Job Jack]]''.

In theatre, Oh has also starred in the world premieres of [[Jessica Hagedorn]]'s ''Dogeaters'' at the [[La Jolla Playhouse]] and Diana Son's ''[[Stop Kiss]]'' at [[Joseph Papp|Joseph Papp's]] [[Public Theater]] in New York City.

In 2003, she was cast in a supporting role opposite [[Diane Lane]] in ''[[Under the Tuscan Sun (film)|Under the Tuscan Sun]]'', followed by a supporting role in [[Alexander Payne]]'s drama ''[[Sideways]]'' (2004). She considers ''Sideways'' and ''The Diary of Evelyn Lau''&lt;ref name="posner" /&gt; to be the two best films she has made.

===2005–2013: ''Grey's Anatomy''===
In 2005, Oh appeared in several films, including [[David Slade]]'s controversial thriller ''[[Hard Candy (film)|Hard Candy]]''; and the independent [[anthology]] drama ''[[3 Needles]]'' (2005), opposite [[Chloë Sevigny]] and [[Olympia Dukakis]], in which she plays a Catholic nun in an [[AIDS]]-stricken African village. The same year, Oh was cast as [[Cristina Yang]] in the first season of what became the hit [[American Broadcasting Company|ABC]] medical series ''[[Grey's Anatomy]]''. Oh's long-running role on the show earned her both a 2005 [[Golden Globe Award]] for [[List of Golden Globe Awards: Mini-series, Best Supporting Actress|Best Supporting Actress in a Series]] and a 2006 [[Screen Actors Guild Award]] for [[2005 Screen Actors Guild Awards#Outstanding Performance by a Female Actor in a Drama Series|Outstanding Performance by a Female Actor in a Drama Series]]. In July 2009, she received her fifth consecutive [[Primetime Emmy Award]] nomination for her work on the series. In August 2013, Oh announced that the show's tenth season would be her final season.&lt;ref name="OhDepart" /&gt;

[[File:Sandra Oh 2011.jpg|thumb|upright|left|Oh at the presentation of her star on [[Canada's Walk of Fame]] in 2011]]
In addition to her work on ''Grey's Anatomy'', Oh continued to appear in films. She co-starred in the thriller ''[[The Night Listener (film)|The Night Listener]]'' (2006), alongside [[Robin Williams]] and [[Toni Collette]]; in the superhero comedy ''[[Defendor]]'' (2009); ''[[Ramona and Beezus]]'' (2010); and in the critically acclaimed drama ''[[Rabbit Hole (2010 film)|Rabbit Hole]]'' (2010), opposite [[Nicole Kidman]] and [[Aaron Eckhart]].

In her only [[audiobook]], she played Brigid O'Shaughnessy in a Grammy-nominated dramatization of ''[[The Maltese Falcon (novel)|The Maltese Falcon]]'' (2008), which also featured [[Michael Madsen]] and [[Edward Herrmann]]. She also has done a few voice roles in animation, including a few guest appearances in ''[[American Dragon: Jake Long]]'', the voice of Princess Ting-Ting in ''[[Mulan II]]'', and the voice of Doofah in ''[[The Land Before Time XIII: The Wisdom of Friends]]''.

Oh was the host of the [[28th Genie Awards]] on March 3, 2008.&lt;ref&gt;{{cite news |url=http://www.genieawards.ca/Genie28/host.cfm |title=Awards Ceremony Host biography |access-date=February 26, 2008 |archive-url=https://web.archive.org/web/20120217145938/http://www.genieawards.ca/Genie28/host.cfm |archive-date=February 17, 2012 |url-status=dead }}&lt;/ref&gt; In 2009, Oh performed in ''[[The People Speak (film)|The People Speak]],'' a documentary feature film that uses dramatic and musical performances of the letters, diaries, and speeches of everyday Americans, based on historian [[Howard Zinn]]'s ''[[A People's History of the United States]]''.&lt;ref&gt;[http://www.thepeoplespeak.com/pages/credits/] {{webarchive|url=https://web.archive.org/web/20100513003536/http://www.thepeoplespeak.com/pages/credits/|date=May 13, 2010}}&lt;/ref&gt; During the off-season hiatus from filming ''Grey's Anatomy'' in 2010, Oh took the part of Sarah Chen in the British crime drama, ''[[Thorne (TV series)|Thorne]]''. She undertook intensive [[dialect coach]]ing in order to play her British character.&lt;ref&gt;{{cite web |url=http://sky1.sky.com/thorne-cast-sandra-oh |title=Thorne: Characters: Sandra Oh – Sky1 HD |work=Sky1.sky.com |access-date=July 18, 2012 |archive-url=https://web.archive.org/web/20120319152334/http://sky1.sky.com/thorne-cast-sandra-oh |archive-date=March 19, 2012}}&lt;/ref&gt;

On June 28, 2011, it was announced that Oh would receive a star on [[Canada's Walk of Fame]]; she was inducted on October 1 at [[Elgin and Winter Garden Theatres|Elgin Theatre]] in Toronto.&lt;ref&gt;{{cite web |url=http://www.canadaswalkoffame.com/news/press-release-canadas-walk-fame-announces-2011-inductees |title=Press Release: Canada's Walk of Fame Announces the 2011 Inductees |date=June 28, 2011 |access-date=June 28, 2011 |publisher=Canada's Walk of Fame |url-status=dead |archive-url=https://web.archive.org/web/20110710002641/http://www.canadaswalkoffame.com/news/press-release-canadas-walk-fame-announces-2011-inductees |archive-date=July 10, 2011}}&lt;/ref&gt; In 2013, Oh formally announced that she would be leaving ''Grey's Anatomy'' at the end of the tenth season.&lt;ref name="OhDepart"&gt;{{cite news |url=http://www.hollywoodreporter.com/live-feed/sandra-departing-greys-anatomy-season-594134 |title=Sandra Oh to Exit 'Grey's Anatomy' (Exclusive) |last=Goldberg |first=Lesley |work=[[The Hollywood Reporter]] |date=August 13, 2013 |access-date=August 16, 2013}}&lt;/ref&gt;&lt;ref&gt;{{cite web |url=http://tvbythenumbers.zap2it.com/2013/08/13/sandra-oh-will-leave-greys-anatomy-at-the-end-of-the-tenth-season/197468 |archive-url=https://web.archive.org/web/20130817082026/http://tvbythenumbers.zap2it.com/2013/08/13/sandra-oh-will-leave-greys-anatomy-at-the-end-of-the-tenth-season/197468/ |url-status=dead |archive-date=August 17, 2013 |title=Sandra Oh Will Leave 'Grey's Anatomy' at the End of the Tenth Season |last=Bibel |first=Sara |work=TV by the Numbers |date=August 13, 2013 |access-date=August 16, 2013}}&lt;/ref&gt; Oh exited the series with the season 10 finale.&lt;ref&gt;{{cite news |url=http://www.huffingtonpost.com/2013/08/13/sandra-oh-leaving-greys-anatomy_n_3751090.html |work=Huffington Post |title=Sandra Oh Leaving 'Grey's' |date=August 13, 2013 |first=Chris |last=Harnick}}&lt;/ref&gt;

===2014–present: ''Killing Eve''===
In October 2014, Oh announced that she would be teaming up with Canadian director [[Ann Marie Fleming]] to collaborate on an animated feature film titled ''[[Window Horses]]''.&lt;ref&gt;{{cite news |url=http://www.cbc.ca/q/blog/2014/10/17/sandra-oh/ |work=CBC News |title=Home |date=July 27, 2015}}&lt;/ref&gt; She also appeared in a supporting role in the comedy film ''[[Tammy (film)|Tammy]]'' (2014), playing the wife of [[Kathy Bates]]' character.

In 2015, she starred on the Refinery29 comedy [[web series]] ''Shitty Boyfriends''. Oh began filming the comedy film, ''[[Catfight (film)|Catfight]]'' (2016), in New York City in December 2015.&lt;ref&gt;{{cite news |last1=Evry |first1=Max |title=Catfight Stars Sandra Oh, Anne Heche and Alicia Silverstone |url=http://www.comingsoon.net/movies/news/643281-sandra-oh-anne-heche-and-alicia-silverstone-star-in-catfight |access-date=December 25, 2015 |work=ComingSoon.net |date=December 23, 2015}}&lt;/ref&gt; In 2017, Oh starred as Abby Tanaka in the third season of the anthology drama series ''[[American Crime (TV series)|American Crime]]''.&lt;ref&gt;{{cite news|url=https://variety.com/2016/tv/news/sandra-oh-american-crime-season-3-arrowverse-crossover-dominators-1201873877/|title=TV News Roundup: Sandra Oh Joins 'American Crime' Season 3|work=Variety|last=Roshanian|first=Arya|date=September 29, 2016|access-date=June 26, 2020}}&lt;/ref&gt;

Beginning in April 2018, Oh began a leading role in the [[BBC iPlayer]] spy thriller series ''[[Killing Eve]],'' playing [[British intelligence agencies|British intelligence]] agent [[Eve Polastri]] whose quarry is psychopathic assassin [[Villanelle (character)|Villanelle]] (played by [[Jodie Comer]]), with the two women developing a mutual fascination.&lt;ref name="BusInsider20180508" /&gt; Upon reading the series script, Oh did not realize she was being considered for a leading role, stating that she had been "brainwashed" by years of being [[Typecasting|typecast]] as the leads' best friend.&lt;ref name="BusInsider20180508" /&gt; The series was renewed for a second season ahead of its debut,&lt;ref name="BusInsider20180508"&gt;{{cite news |last1=Wittmer |first1=Carrie |title=''Killing Eve'' is a smart and seductive spy thriller that has a 100% score on Rotten Tomatoes |url=http://www.businessinsider.com/killing-eve-is-a-smart-seductive-spy-thriller-with-100-on-rotten-tomatoes-2018-5 |work=Business Insider |date=May 8, 2018 |archive-url=https://web.archive.org/web/20180508185144/http://www.businessinsider.com/killing-eve-is-a-smart-seductive-spy-thriller-with-100-on-rotten-tomatoes-2018-5 |archive-date=May 8, 2018 |url-status=live}}&lt;/ref&gt; and a third was announced less than a day after the second premiered in the United States.&lt;ref&gt;{{cite web|url=https://www.digitalspy.com/tv/ustv/a27076124/killing-eve-renewed-season-3/|title=Killing Eve has been renewed for season 3 – with another new showrunner|last=Lee|first=Jess|website=[[Digital Spy]]|date=April 8, 2019|access-date=October 2, 2019}}&lt;/ref&gt; ''Killing Eve'' was also renewed for a fourth season shortly after.

Oh has garnered critical acclaim for her performance on the series, with Jenna Scherer describing her in ''[[Rolling Stone]]'' as "a compulsively watchable actor – expressive and complex, blending wry wit and deep pathos."&lt;ref name="RollingStone20180514"&gt;{{cite web |last1=Scherer |first1=Jenna |title=''Killing Eve'': The Cracked Female Spy-Thriller Buddy Comedy of the Year |url=https://www.rollingstone.com/tv/news/killing-eve-tv-review-w520147 |work=[[Rolling Stone]] |archive-url=https://web.archive.org/web/20180514140806/https://www.rollingstone.com/tv/news/killing-eve-tv-review-w520147 |archive-date=May 14, 2018 |date=May 14, 2018 |url-status=live}}&lt;/ref&gt; When ''[[Vulture.com|Vulture]]'' declared Oh the best actress currently on television, critic [[Matt Zoller Seitz]] wrote: "It's a tour de force performance, yet so self-effacing and invisible in its effects that you come away thinking that you've seen a crackling yarn with compelling characters rather than a cultural landmark. This is a magic trick of a high order."&lt;ref name="Vulture20180627"&gt;{{cite web |last1=Seitz |first1=Matt Zoller |author-link=Matt Zoller Seitz |title=The Best Actress on TV Is Killing Eve's Sandra Oh |url=http://www.vulture.com/2018/06/best-actress-sandra-oh-vulture-tv-awards.html |website=[[Vulture.com|Vulture]] |access-date=June 28, 2018 |date=June 27, 2018 |archive-url=https://web.archive.org/web/20180627205518/http://www.vulture.com/2018/06/best-actress-sandra-oh-vulture-tv-awards.html |archive-date=June 27, 2018 |url-status=live}}&lt;/ref&gt; In 2018, Oh became the first actress of Asian descent to be nominated for the [[Primetime Emmy Award for Outstanding Lead Actress in a Drama Series]], for that role.&lt;ref&gt;{{cite web |last=Dockterman |first=Eliana |url=http://time.com/5336867/sandra-oh-emmy-nomination/ |title=Sandra Oh Is Now the First Asian Best Actress Emmy Nominee |work=Time |access-date=2018-07-12}}&lt;/ref&gt; She won the [[Golden Globe Award for Best Actress – Television Series Drama]], becoming the first woman of Asian descent to win two Golden Globe Awards.&lt;ref name="goldenglobes.com"/&gt; Oh won [[Screen Actors Guild Award for Outstanding Performance by a Female Actor in a Drama Series|Outstanding Performance by a Female Actor in a Drama Series]] at the SAG Awards in [[25th Screen Actors Guild Awards|2019]].&lt;ref&gt;{{cite web |url=https://www.cnn.com/2019/01/27/entertainment/sag-awards-winners-2019/index.html |title=See who won at the SAG Awards |first=Chloe |last=Melas |website=CNN}}&lt;/ref&gt;

From 2018 to 2020, Oh voiced the role of Castaspella in the animated superhero series ''[[She-Ra and the Princesses of Power]]''.&lt;ref&gt;{{cite web |url=http://ew.com/tv/2018/05/18/she-ra-netflix-cast-photo-reveal/ |title=She-Ra gets a makeover! A first look at the new Netflix series and meet the cast |work=Entertainment Weekly |access-date=May 18, 2018}}&lt;/ref&gt; In 2019, she co-hosted the ''[[76th Golden Globe Awards]]'', alongside [[Andy Samberg]]. Oh became the first woman of Asian descent to host the awards show. In March 2019, she became the first Asian-Canadian woman to host ''[[Saturday Night Live]]'', and only the third actress of Asian descent, after [[Lucy Liu]] in 2000 and [[Awkwafina]] in 2018.&lt;ref&gt;{{cite web |last=Mitovich |first=Matt Webb |title=Sandra Oh to Make SNL Hosting Debut |url=https://tvline.com/2019/03/09/snl-host-sandra-oh-march-season-44-tame-impala/ |website=TVLine |date=March 10, 2019}}&lt;/ref&gt; In 2021, Oh voiced Virana, the chieftess of the Fang tribe in the [[Walt Disney Animation Studios|Disney]] animated film ''[[Raya and the Last Dragon]]''.&lt;ref&gt;{{cite web|url=https://www.cinemablend.com/news/2563680/raya-and-the-last-dragon-voice-cast-whos-voicing-each-character|title=Raya and the Last Dragon Voice Cast: Who's Voicing Each Character|website=Cinema Blend|date=March 5, 2021|accessdate=June 29, 2021}}&lt;/ref&gt;

Oh voices the role of Debbie Grayson in the animated superhero drama series ''[[Invincible (TV series)|Invincible]]''. The series, based on the [[Invincible (comic series)|comic book series of the same name]], premiered on [[Amazon Prime Video]] in 2021.&lt;ref&gt;{{Cite web|title=Invincible TV Show Release Date, Cast, Plot, Trailer And What Fan Theories You Should Know??|url=https://popculturetimes.com/2020/03/13/invincible-tv-show-release-date-cast-plot-trailer-and-what-fan-theories-you-should-know/|last=Unni Krishnan|first=Adersh|date=March 13, 2020|website=Pop Culture Times|language=en-US|access-date=June 26, 2020}}&lt;/ref&gt; She will also executive produce and star in the Netflix comedy-drama series ''[[The Chair (miniseries)|The Chair]]''.&lt;ref&gt;{{Cite web|title=Sandra Oh To Star In 'The Chair' Dramedy Series From Amanda Peet &amp; 'Game Of Thrones' Creators At Netflix|url=https://deadline.com/2020/02/sandra-oh-jay-duplass-the-chair-dramedy-series-amanda-peet-netflix-1202865641/|last1=Andreeva|first1=Nellie|last2= Petski|first2=Denise|date=February 21, 2020|website=Deadline|access-date=June 26, 2020}}&lt;/ref&gt;

==Personal life==
Oh was in a relationship with filmmaker [[Alexander Payne]] for five years. They married in January 2003, separated in early 2005, and divorced in late 2006.&lt;ref name="People2"&gt;{{cite news |last1=Lee |first1=Ken |last2=Silverman |first2=Stephen M. |author-link2=Stephen M. Silverman |title=Sandra Oh's Marriage Is Officially Over |work=People Magazine |date=December 27, 2006 |url=http://www.people.com/people/article/0,,20005420,00.html |access-date=May 31, 2007}}&lt;/ref&gt;

On July 8, 2013, Oh received the [[Key to the City|key to the city]] of [[Ottawa]] from Mayor [[Jim Watson (Canadian politician)|Jim Watson]].&lt;ref name="ottawacommunity" /&gt;&lt;ref&gt;{{cite news |url=http://www.cbc.ca/news/canada/ottawa/actor-sandra-oh-to-get-ottawa-s-key-to-the-city-1.1305469 |title=Actor Sandra Oh to get Ottawa's Key to the City |date=May 30, 2013 |access-date=December 13, 2013 |work=CBC News}}&lt;/ref&gt;

Oh practices [[Vipassanā]], a [[Buddhism|Buddhist]] form of meditation.&lt;ref name="Vulture20180821" /&gt; Her work in acting is informed by a loose creative collective that teaches "creative dream work", which reportedly fuses [[Carl Jung|Jungian]] dream analysis with [[method acting]] and aims to bring one's "subconscious work into consciousness".&lt;ref name="Vulture20180821"&gt;{{cite web |last1=Jung |first1=E. Alex |title='''The Protagonist''' After decades in supporting parts, Emmy nominee Sandra Oh plays the hero in ''Killing Eve''. |url=http://www.vulture.com/2018/08/sandra-oh-on-killing-eve-and-her-emmy-nomination.html |website=Vulture.com |archive-url=https://web.archive.org/web/20180822124612/http://www.vulture.com/2018/08/sandra-oh-on-killing-eve-and-her-emmy-nomination.html |archive-date=August 22, 2018 |date=August 21, 2018 |url-status=live}}&lt;/ref&gt;

Oh became a US citizen in 2018. On the first anniversary of her citizenship, she discussed it while hosting ''[[Saturday Night Live]]'' and referred to herself as an "Asian-Canadian-American".&lt;ref name="OhCitizenUS"&gt;{{cite AV media |url=https://www.youtube.com/watch?v=oeZ93EaaTb8 |title=Sandra Oh Monologue - SNL |website=[[YouTube]] |author=Night Live |date=March 30, 2019 |access-date=March 31, 2019}}&lt;/ref&gt;&lt;ref&gt;{{cite news | title =Sandra Oh celebrates U.S. citizenship anniversary on 'Saturday Night Live': The Canadian-born Sandra Oh announced the special occasion during the monologue of "Saturday Night Live."| newspaper =[[NBC News]] | date =April 1, 2019 | url =https://www.nbcnews.com/news/asian-america/sandra-oh-celebrates-u-s-citizenship-anniversary-saturday-night-live-n989671 | access-date = June 21, 2019}}&lt;/ref&gt;

Oh was awarded the National Arts Centre Award from the [[Governor General of Canada]] in 2019.&lt;ref&gt;{{Cite web|url=https://ggpaa.ca/award-recipients/2019/oh,-sandra.aspx|title=Award Recipients - Governor General's Performing Arts Awards (GGPAA)|website=ggpaa.ca|access-date=2019-12-16}}&lt;/ref&gt;

==Activism==
{{Expand-section|date=June 2021}}
On March 22, 2021, Oh gave a speech at a [[Stop Asian Hate]] rally in [[Pittsburgh]], Pennsylvania, in response to the [[2021 Atlanta spa shootings|Atlanta spa shootings]]. She encouraged people "to reach out to the Asian American community", stating that they were "very scared".&lt;ref&gt;{{cite web |url=https://www.independent.co.uk/news/world/americas/sandra-oh-asian-rally-pittsburgh-b1820322.html |title=Sandra Oh gives speech at Stop Asian Hate rally in Pittsburgh |work=[[The Independent]] |date=March 22, 2021 |access-date=June 17, 2021 |author=Massie, Graeme |archive-url=https://web.archive.org/web/20210322012304/https://www.independent.co.uk/news/world/americas/sandra-oh-asian-rally-pittsburgh-b1820322.html |archive-date=March 22, 2021 |url-status=live}}&lt;/ref&gt;

==Filmography==
===Film===
{|class="wikitable sortable"
|-
! Year
! Title
! class="unsortable" | Role
! class="unsortable" | Notes
|-
| 1989|| data-sort-value="Journey Home, The" | ''The Journey Home''|| Unknown|| Short film
|-
| 1994|| ''[[Double Happiness (film)|Double Happiness]]''|| Jade Li||
|-
| 1995|| ''Prey''|| Il Bae|| Short film
|-
| 1996|| ''Cowgirl''|| Sarah Hwang|| Short film
|-
| rowspan="2" | 1997|| ''[[Bean (film)|Bean]]''|| Bernice Schimmel||
|-
| ''[[Bad Day on the Block]]''|| Unknown||
|-
| rowspan="3" | 1998|| ''[[Last Night (1998 film)|Last Night]]''|| Sandra||
|-
| data-sort-value="Red Violin, The" | ''[[The Red Violin]]''|| Madame Ming||
|-
| ''[[Permanent Midnight]]''|| Friend||
|-
| 1999|| ''[[Guinevere (1999 film)|Guinevere]]''|| Cindy||
|-
| rowspan="3" | 2000|| ''[[Waking the Dead (film)|Waking the Dead]]''|| Kim||
|-
| ''[[Dancing at the Blue Iguana]]''|| Jasmine Bulut||
|-
| ''Three Lives of Kate''|| Narrator|| Short film
|-
| rowspan="3" | 2001|| data-sort-value="Princess Diaries, The" | ''[[The Princess Diaries (film)|The Princess Diaries]]''|| Vice Principal Gupta||
|-
| ''Date Squad''|| Alpha Baby|| Short film
|-
| data-sort-value="Frank Truth, The" | ''The Frank Truth''|| Herself|| Documentary
|-
| rowspan="5" | 2002|| ''[[Big Fat Liar]]''|| Mrs. Phyllis Caldwell||
|-
| ''[[Full Frontal (film)|Full Frontal]]''|| Fourth Fired Employee||
|-
| ''[[Rick (film)|Rick]]''|| Michelle||
|-
| ''[[Long Life, Happiness &amp; Prosperity]]''|| Kin Ho Lum||
|-
| ''[[Barrier Device]]''|| Audrey|| Short film
|-
| rowspan="2" | 2003|| ''[[Under the Tuscan Sun (film)|Under the Tuscan Sun]]''|| Patti||
|-
| ''[[Owning Mahowny]]''|| Craps Player|| Uncredited
|-
| rowspan="4" | 2004|| ''[[Sideways]]''|| Stephanie||
|-
| ''[[Wilby Wonderful]]''|| Carol French||
|-
| ''[[Mulan II]]''|| Ting Ting (voice)||
|-
| data-sort-value="Eight Minutes to Love" | ''8 Minutes to Love''|| Joy|| Short film
|-
| rowspan="7" | 2005|| ''[[Hard Candy (film)|Hard Candy]]''|| Judy Tokuda||
|-
| ''Break a Leg''|| Young Turk||
|-
| ''Stationery'' || Woman (voice)|| Short film
|-
| ''[[Cake (2005 film)|Cake]]''|| Lulu||
|-
| data-sort-value="Three Needles" | ''[[3 Needles]]''|| Mary||
|-
| ''[[Sorry, Haters]]''|| Phyllis MacIntyre||
|-
| ''Kind of a Blur''|| Joe||
|-
| rowspan="2" | 2006|| data-sort-value="Night Listener, The" | ''[[The Night Listener (film)|The Night Listener]]''|| Anna||
|-
| ''[[For Your Consideration (film)|For Your Consideration]]''|| Marketing Person||
|-
| rowspan="2" | 2007|| data-sort-value="Land Before Time 13: The Wisdom of Friends, The" | ''[[The Land Before Time XIII: The Wisdom of Friends]]''|| Doofah (voice)||
|-
| ''Falling''|| Melanie|| Short film
|-
| 2008|| ''[[Blindness (2008 film)|Blindness]]''|| Minister of Health||
|-
| rowspan="2" | 2009|| ''[[Defendor]]''|| Dr. Park||
|-
| data-sort-value="People Speak, The" | ''[[The People Speak (film)|The People Speak]]''|| Herself|| Documentary
|-
| rowspan="3" | 2010|| ''[[Quantum Quest: A Cassini Space Odyssey]]''|| Gal 2000 (voice)||
|-
| ''[[Ramona and Beezus]]''|| Mrs. Meacham||
|-
| ''[[Rabbit Hole (2010 film)|Rabbit Hole]]''|| Gabby||
|-
| 2014|| ''[[Tammy (film)|Tammy]]''|| Susanne||
|-
| rowspan="2" | 2015|| data-sort-value="Scarecrow, The" | ''The Scarecrow''|| Evelyn|| Short film
|-
| ''[[Snowtime!]]'' || Four-Eyed Frankie (voice) ||
|-
| rowspan="2" | 2016|| ''[[Window Horses]]''|| Rosie Ming (voice)|| Also producer
|-
| ''[[Catfight (film)|Catfight]]''|| Veronica Salt||
|-
| 2017|| ''[[Meditation Park]]'' || Ava ||
|-
| 2020|| ''[[Over the Moon (2020 film)|Over the Moon]]'' || Mrs. Zhong (voice) ||
|-
| 2021|| ''[[Raya and the Last Dragon]]'' || Virana (voice) ||
|-
| 2022|| ''[[Turning Red]]'' || Ming (voice) || Post-production
|-
| TBA|| ''[[Umma (upcoming film)|Umma]]'' || Amanda || Post-production
|}

===Television===
{| class="wikitable sortable"
|-
! Year
! Title
! class="unsortable" | Role
! class="unsortable" | Notes
|-
| 1989|| ''Denim Blues''|| Gwen|| Television pilot
|-
| 1992|| ''[[Degrassi High|Degrassi High: School's Out]]''|| Waitress|| Television film
|-
| 1994|| data-sort-value="Diary of Evelyn Lau, The" | ''[[The Diary of Evelyn Lau]]''|| [[Evelyn Lau]]|| Television film
|-
| rowspan="3" | 1995|| ''[[If Not for You (TV series)|If Not for You]]''||Anna|| 2 episodes
|-
| ''[[Lonesome Dove series|Lonesome Dove: The Outlaw Years]]''|| Ming Li|| Episode: "Badlands"
|-
| ''[[Cagney &amp; Lacey|Cagney &amp; Lacey: The View Through the Glass Ceiling]]''|| Officer Angela Lum|| Television film
|-
| 1996|| ''[[Kung Fu: The Legend Continues]]''|| Mai Chi|| Episode: "The First Temple"
|-
| 1996–2002|| ''[[Arliss (TV series)|Arliss]]''|| Rita Wu|| Main role
|-
| 1999|| ''[[Happily Ever After: Fairy Tales for Every Child]]''|| Breadcrumb (voice) || Episode: "The Three Little Pigs"
|-
| 2000|| ''[[Popular (TV series)|Popular]]''|| Humanities Teacher|| 2 episodes
|-
| rowspan="3" | 2001|| ''[[Further Tales of the City (miniseries)|Further Tales of the City]]''|| Bambi Kanetaka|| Miniseries
|-
| ''[[Six Feet Under (TV series)|Six Feet Under]]''|| Porn Starlet|| Episode: "An Open Book"
|-
| ''[[Judging Amy]]''|| Detective Shelly Tran|| 3 episodes
|-
| 2001–2002|| data-sort-value="Proud Family, The" | ''[[The Proud Family]]''|| Marsha Mitsubishi (voice) || 5 episodes
|-
| 2005–2013||''[[American Dad!]]''|| Katie / Hiko Yoshida (voice) || 6 episodes
|-
| 2005–2014|| ''[[Grey's Anatomy]]''|| [[Cristina Yang|Dr. Cristina Yang]]|| Main role (seasons 1–10)
|-
| 2006|| ''[[Odd Job Jack]]''|| Vanessa|| 2 episodes
|-
| 2006–2007|| ''[[American Dragon: Jake Long]]''|| Sun Park (voice) || 6 episodes
|-
| rowspan="2" | 2008|| ''[[Phineas and Ferb]]''|| Doofenshmirtz's Girlfriend (voice) || Episode: "Get That Bigfoot Outa My Face! / Tree to Get Ready"
|-
| ''[[Sesame Street]]''|| Fairy Cookie Person|| Episode: "The Cookie Touch"
|-
| 2009|| ''[[Robot Chicken]]''|| [[Kate Winslet]] / [[Sarah Connor (Terminator)|Sarah Connor]] (voice) || Episode: "Cannot Be Erased, So Sorry"
|-
| 2010|| ''[[Thorne (TV series)|Thorne]]''|| Sarah Chen|| Episode: "Scaredycat"
|-
| 2011|| ''[[Michael: Every Day]]''|| Dr. Judy Song|| Episode: "Ridicule"
|-
| 2014|| ''[[Betas]]''|| Sharron|| Episode: "Steppin' Out"
|-
| 2015|| ''Shitty Boyfriends''|| Kathy|| 6 episodes
|-
| 2016|| ''[[Peg + Cat]]''|| President (voice) || Episode: "The Package Problem / The Train Problem"
|-
| 2017|| ''[[American Crime (TV series)|American Crime]]''|| Abby Tanaka||4 episodes
|-
| 2018–present|| ''[[Killing Eve]]''|| [[Eve Polastri]]|| Main role; also executive producer 
|-
| 2018–2020|| ''[[She-Ra and the Princesses of Power]]''|| Castaspella (voice) || 8 episodes
|-
| rowspan="2" | 2019|| data-sort-value="Seventy-sixth Golden Globe Awards" | ''[[76th Golden Globe Awards]]''|| Herself (co-host)|| Television special
|-
| ''[[Saturday Night Live]]''|| Herself (host)|| Episode: "Sandra Oh / [[Tame Impala]]"
|-
| rowspan="2" | 2021|| ''[[Invincible (TV series)|Invincible]]''|| Debbie Grayson (voice) || Main role
|-
| data-sort-value="Chair, The" | ''[[The Chair (miniseries)|The Chair]]''|| Ji-Yoon Kim || Main role; also executive producer
|}

==Awards and nominations==
{{Main|List of awards and nominations received by Sandra Oh}}

Among her accolades, she received two [[Golden Globe Awards]] and four [[Screen Actors Guild Awards]], as well as nominations for twelve [[Primetime Emmy Award]]s.

==See also==
* [[Eve Polastri]]
* [[Koreans in New York City]]

==References==

{{Reflist}}

==External links==
{{Commons category|Sandra Oh}}
* {{Discogs artist}}
* {{IMDb name}}
* {{people.com}}

{{Navboxes
|title = [[List of awards and nominations received by Sandra Oh|Awards for Sandra Oh]]
|list =
{{ACCT Best Actress}}
{{Critics' Choice Television Award for Best Drama Actress}}
{{Golden Globe Award Best Actress TV Drama}}
{{GoldenGlobeSupportingActressTV 1990-2009}}
{{ScreenActorsGuildAward FemaleTVDrama 1994-2009}}
{{ScreenActorsGuildAwards EnsembleTVDrama 2000–2009}}
}}

{{Portal bar|Canada|Biography|Film}}

{{Authority control}}

{{DEFAULTSORT:Oh, Sandra}}
[[Category:1971 births]]
[[Category:Living people]]
[[Category:20th-century Canadian actresses]]
[[Category:21st-century Canadian actresses]]
[[Category:Canadian film actresses]]
[[Category:Canadian television actresses]]
[[Category:Canadian voice actresses]]
[[Category:Actresses from Ottawa]]
[[Category:Best Drama Actress Golden Globe (television) winners]]
[[Category:Best Supporting Actress Golden Globe (television) winners]]
[[Category:Best Actress Genie and Canadian Screen Award winners]]
[[Category:National Theatre School of Canada alumni]]
[[Category:Outstanding Performance by a Cast in a Motion Picture Screen Actors Guild Award winners]]
[[Category:Outstanding Performance by a Female Actor in a Drama Series Screen Actors Guild Award winners]]
[[Category:Canadian actresses of Korean descent]]
[[Category:Canadian expatriate actresses in the United States]]
[[Category:21st-century American actresses]]
[[Category:People with acquired American citizenship]]
[[Category:American film actresses]]
[[Category:American television actresses]]
[[Category:American voice actresses]]
[[Category:American actresses of Korean descent]]
[[Category:Theatre World Award winners]]</text>
      <sha1>bqidld2dz0dg97nh7rqytp5nt6l5jr4</sha1>
    </revision>
  </page>
</mediawiki>
